PairdID,Ecosystem,SourceUUTMethodName,SourceUUTStart,SourceUUTEnd,TargetMethodName,TargetMethodStart,TargetMethodEnd,SourceMatchedPercent,SourceUnMatchedPercent,TargetMatchedPercent,TargetUnMatchedPercent,SourceMatchingGroup,Rating1,Rating2,Rating,Rater1CloneType,Rater2CloneType,Rater1AcceptStatus,Rater2AcceptStatus,,Rating,,"14, 21, 55, 59, 64, 68, 94, 96, 97, 122, 134, 137, 142, 152, 163, 164, 174, 177, 178, 211, 222, 230, 238, 249, 273, 275, 284, 285, 311, 314, 315, 322"
1,ocpsoft/rewrite,getEnd,132,137,getEnd,41,46,100,0,100,0,100,4,2,3,1,1,Accept,Accept,,,,"331, 341, 342, 359, 366, 367, 371, 423, 447, 451, 454, 471, 478, 530, 533, 534, 540, 545, 549, 553, 556, 557, 566, 568, 595, 598, 600, 619, 626, 627, 642, 647"
2,ocpsoft/rewrite,getCaptured,128,133,getCaptured,46,51,100,0,100,0,100,4,2,3,1,1,Accept,Accept,,,,
3,ocpsoft/rewrite,toQueryString,293,352,toQueryString,304,354,91.53,8.47,99.62,0.38,90-100,3,2,2.5,3,3,Accept,Accept,,,,
4,ocpsoft/rewrite,evaluate,98,104,evaluate,66,74,83.87,16.13,68.42,31.58,80-89,0,0,0,4,4,Accept,Reject,,,,
5,ocpsoft/rewrite,balancedCapture,34,94,balancedCapture,29,81,75.78,24.22,80.81,19.19,70-79,3,2,2.5,3,4,Accept,Accept,,,,
6,jayway/JsonPath,read,170,213,map,238,269,100,0,45.03,54.97,100,0,0,0,1,4,Reject,Reject,,,,
7,jayway/JsonPath,read,170,213,map,238,269,100,0,45.03,54.97,100,4,0,2,1,4,Reject,Reject,,,,
8,jayway/JsonPath,read,169,204,map,238,269,99.48,0.52,2.34,97.66,90-100,0,0,0,4,4,Reject,Reject,,,,
9,jenkinsci/performance-plugin,getUriReportMap,420,424,getUriReportMap,228,232,100,0,100,0,100,4,2,3,1,1,Accept,Accept,,,,
10,jenkinsci/performance-plugin,create,40,49,create,40,49,100,0,100,0,100,4,2,3,1,1,Accept,Accept,,,,
11,jenkinsci/performance-plugin,loadSerializedReport,122,155,loadSerializedReport,92,125,98.73,1.27,100,0,90-100,3,1,2,3,2,Accept,Accept,,,,
12,jenkinsci/performance-plugin,parse,50,114,parse,39,95,85.79,14.21,99.41,0.59,80-89,0,1,0.5,3,3,Accept,Accept,,,,
13,jenkinsci/performance-plugin,parse,50,114,parse,50,124,79.95,20.05,75.18,24.82,70-79,0,1,0.5,4,3,Accept,Accept,,,,
14,jenkinsci/performance-plugin,addSample,148,186,addSample,84,118,60.84,39.16,85.55,14.45,60-69,4,4,4,3,3,Accept,Accept,,1,,"331, 341, 342, 359, 366, 367, 371, 423, 447, 451, 454, 471, 478, 530, 533, 534, 540, 545, 549, 553, 556, 557, 566, 568, 595, 598, 600, 619, 626, 627, 642, 647"
15,jenkinsci/performance-plugin,addSample,148,187,addSample,84,118,58.38,41.62,85.55,14.45,50-59,4,1,2.5,3,3,Accept,Accept,,,,
16,jenkinsci/envinject-plugin,decorateLogger,154,183,maskPasswordsJobParameterIfAny,31,47,70.37,29.63,92.38,7.62,70-79,0,0,0,4,3,Reject,Reject,,,,
17,jenkinsci/envinject-plugin,decorateLogger,154,183,maskPasswordsJobParameterIfAny,29,44,68.89,31.11,91.92,8.08,60-69,0,0,0,4,3,Reject,Reject,,,,
18,shrinkwrap/resolver,ValidationUtil,50,57,ValidationUtil,50,57,100,0,100,0,100,4,0,2,1,0,Accept,,,,,
19,shrinkwrap/resolver,ValidationUtil,50,57,ValidationUtil,50,57,100,0,100,0,100,4,0,2,1,0,Accept,,,,,
20,shrinkwrap/resolver,ClasspathWorkspaceReader,151,159,ClasspathWorkspaceReader,57,67,96.15,3.85,90.32,9.68,90-100,4,0,2,3,0,Accept,,,,,
21,shrinkwrap/resolver,packageDirectories,191,218,packageDirectories,183,204,84.48,15.52,99.01,0.99,80-89,4,4,4,3,3,Accept,Accept,,1,,
22,modcluster/mod_cluster,createServer,34,36,createServer,34,36,100,0,100,0,100,4,0,2,1,0,Accept,,,,,
23,modcluster/mod_cluster,createServer,34,36,createServer,34,36,100,0,100,0,100,4,0,2,1,0,Accept,,,,,
24,gresrun/jesque,getSize,54,58,getSize,43,48,100,0,100,0,100,4,0,2,1,0,Accept,,,,,
25,gresrun/jesque,getSize,54,58,getSize,43,48,100,0,100,0,100,4,0,2,1,0,Accept,,,,,
26,gresrun/jesque,Config,53,80,Config,50,86,95.24,4.76,99.47,0.53,90-100,0,0,0,3,0,Accept,,,,,
27,gresrun/jesque,getPendingCount,89,107,getPendingCount,72,90,87.84,12.16,96,4,80-89,0,0,0,3,0,Accept,,,,,
28,gresrun/jesque,AdminImpl,108,128,AdminPoolImpl,99,116,72.95,27.05,91.3,8.7,70-79,0,0,0,3,0,Accept,,,,,
29,gresrun/jesque,Job,54,63,Job,37,39,66.67,33.33,100,0,60-69,0,0,0,3,0,Accept,,,,,
30,gresrun/jesque,hashCode,120,132,hashCode,256,266,57.33,42.67,95.56,4.44,50-59,0,0,0,3,0,Accept,,,,,
31,gresrun/jesque,createJedisPool,114,131,createJedisPool,108,123,45.59,54.41,98.41,1.59,40-49,0,0,0,3,0,Accept,,,,,
32,gresrun/jesque,hashCode,190,206,hashCode,107,118,38.58,61.42,100,0,30-39,0,0,0,3,0,Accept,,,,,
33,gresrun/jesque,hashCode,190,206,hashCode,131,141,23.62,76.38,93.75,6.25,20-29,0,0,0,3,0,Accept,,,,,
34,gresrun/jesque,AdminImpl,84,100,AbstractClient,44,53,7.63,92.37,100,0,0-9,0,0,0,3,0,Accept,,,,,
35,HotswapProjects/HotswapAgent,getId,46,50,getId,28,32,100,0,100,0,100,4,0,2,1,0,Accept,,,,,
36,HotswapProjects/HotswapAgent,getId,46,50,getId,28,32,100,0,100,0,100,4,0,2,1,0,Accept,,,,,
37,HotswapProjects/HotswapAgent,get,60,93,getValue,51,118,93.06,6.94,63.59,36.41,90-100,0,0,0,4,0,Reject,,,,,
38,dirkriehle/wahlzeit,getRadius,91,96,getRadius,98,102,100,0,100,0,100,4,0,2,1,0,Accept,,,,,
39,dirkriehle/wahlzeit,equals,109,117,equals,75,83,100,0,100,0,100,0,0,0,2,0,Accept,,,,,
40,dirkriehle/wahlzeit,equals,111,119,equals,53,63,96.15,3.85,98.04,1.96,90-100,0,0,0,3,0,Accept,,,,,
41,dirkriehle/wahlzeit,getCartesianDistance,144,162,asSphericCoordinate,183,190,64.17,35.83,54.55,45.45,60-69,0,0,0,4,0,Reject,,,,,
42,jexp/batch-import,finish,87,93,finish,124,130,100,0,100,0,100,4,0,2,1,0,Accept,,,,,
43,jexp/batch-import,finish,87,93,finish,124,130,100,0,100,0,100,4,0,2,1,0,Accept,,,,,
44,jenkinsci/m2release-plugin,getDocument,470,508,checkAuthentication,153,211,94.41,5.59,57.47,42.53,90-100,0,0,0,4,0,Reject,,,,,
45,Sable/heros,method,67,76,method,46,55,100,0,100,0,100,4,0,2,2,0,Accept,,,,,
46,Sable/heros,method,67,76,method,46,55,100,0,100,0,100,4,0,2,2,0,Accept,,,,,
47,mboudreau/Alternator,save,143,147,save,143,147,100,0,100,0,100,4,0,2,1,0,Accept,,,,,
48,mboudreau/Alternator,listTables,226,230,listTables,201,206,100,0,88.24,11.76,100,4,0,2,1,0,Accept,,,,,
49,onelogin/java-saml,isValid,368,484,isValid,175,290,90.42,9.58,89.88,10.12,90-100,0,0,0,3,0,Accept,,,,,
50,onelogin/java-saml,isValid,368,490,isValid,175,290,87.97,12.03,90.05,9.95,80-89,0,0,0,3,0,Accept,,,,,
51,fakemongo/fongo,Fongo,45,51,FongoAsync,64,71,100,0,65,35,100,0,0,0,3,0,Reject,,,,,
52,fakemongo/fongo,Fongo,45,51,FongoAsync,64,71,100,0,65,35,100,0,0,0,3,0,Reject,,,,,
53,devnied/EMV-NFC-Paycard-Enrollment,EmvParser,105,111,EmvParser,87,93,100,0,100,0,100,4,0,2,1,0,Accept,,,,,
54,devnied/EMV-NFC-Paycard-Enrollment,TagImpl,40,44,TagImpl,20,24,100,0,100,0,100,4,0,2,1,0,Accept,,,,,
55,devnied/EMV-NFC-Paycard-Enrollment,fromString,177,194,fromString,82,103,95.56,4.44,91.49,8.51,90-100,4,0,2,3,3,Accept,Accept,,0,,
56,devnied/EMV-NFC-Paycard-Enrollment,extractTrack2Data,62,89,extractTrack2Data,39,62,77.36,22.64,83.67,16.33,70-79,4,0,2,4,0,Accept,,,,,
57,cribbstechnologies/Java-Mandrill-Wrapper,performPing,48,53,getSenders,78,85,100,0,100,0,100,4,0,2,1,0,Accept,,,,,
58,cribbstechnologies/Java-Mandrill-Wrapper,getCreated_at,20,24,getCreated_at,23,27,100,0,100,0,100,4,0,2,1,0,Accept,,,,,
59,pires/obd-java-api,getValue,58,62,getValue,60,64,100,0,100,0,100,4,4,4,1,1,Accept,Accept,,1,,
60,pires/obd-java-api,getValue,60,64,getValue,68,72,100,0,100,0,100,4,0,2,1,0,Accept,,,,,
61,pires/obd-java-api,run,94,102,run,76,82,60.98,39.02,100,0,60-69,4,0,2,3,0,Accept,,,,,
62,pires/obd-java-api,run,84,94,run,76,82,54.35,45.65,100,0,50-59,4,0,2,3,0,Accept,,,,,
63,mopub/mopub-android-sdk,EventForwardingBroadcastReceiver,21,27,RewardedVideoBroadcastReceiver,23,31,100,0,91.67,8.33,100,0,0,0,2,0,Accept,,,,,
64,mopub/mopub-android-sdk,getRewardedAdCurrencyName,205,210,getRewardedAdCurrencyName,189,194,100,0,100,0,100,4,4,4,1,1,Accept,Accept,,1,,
65,mopub/mopub-android-sdk,getBannerVisibilityTrackerListener,132,139,getCreativeExperienceSettings,1017,1024,92.31,7.69,46.15,53.85,90-100,0,0,0,4,0,Reject,,,,,
66,mopub/mopub-android-sdk,onRewardedVideoCompleted,854,866,onRewardedAdCompleted,938,949,85.45,14.55,100,0,80-89,0,0,0,2,0,Accept,,,,,
67,mopub/mopub-android-sdk,onAdClicked,406,422,onCustomEventInterstitialClicked,394,407,79.07,20.93,100,0,70-79,4,0,2,3,0,Accept,,,,,
68,mopub/mopub-android-sdk,VastVideoConfig,83,102,VastVideoConfiguration,46,59,67.97,32.03,100,0,60-69,0,0,0,3,3,Accept,Accept,,1,,
69,mopub/mopub-android-sdk,onPostExecute,148,165,onPostExecute,52,62,56.25,43.75,96.43,3.57,50-59,0,0,0,3,0,Accept,,,,,
70,mopub/mopub-android-sdk,getBestCompanionAd,545,613,getAllCompanionAds,534,576,49.48,50.52,87.7,12.3,40-49,0,0,0,3,0,Accept,,,,,
71,mopub/mopub-android-sdk,onResume,159,193,onResume,107,115,27.03,72.97,80.95,19.05,20-29,4,0,2,3,0,Accept,,,,,
72,mopub/mopub-android-sdk,setAdContentView,544,561,loadConsentDialog,93,128,16.07,83.93,70.3,29.7,10-19,4,0,2,3,0,Accept,,,,,
73,doanduyhai/Achilles,setId,44,48,setId,40,44,100,0,100,0,100,4,0,2,1,0,Accept,,,,,
74,doanduyhai/Achilles,getId,70,74,getId,62,66,100,0,100,0,100,4,0,2,1,0,Accept,,,,,
75,xetorthio/johm,setJedisPool,19,24,prefix,58,66,100,0,100,0,100,1,0,0.5,4,0,Reject,,,,,
76,xetorthio/johm,setJedisPool,19,24,keys,26,30,100,0,100,0,100,0,0,0,4,0,Reject,,,,,
77,xetorthio/johm,get,49,81,exists,43,51,98.78,1.22,0,100,90-100,0,0,0,4,0,Reject,,,,,
78,xetorthio/johm,setPool,21,26,setJedisPool,19,24,86.36,13.64,100,0,80-89,4,0,2,2,0,Accept,,,,,
79,jenkinsci/docker-plugin,executeOnce,87,95,now,51,59,100,0,100,0,100,4,0,2,2,0,Accept,,,,,
80,jenkinsci/docker-plugin,executeOnce,87,95,now,51,59,100,0,100,0,100,4,0,2,2,0,Accept,,,,,
81,jenkinsci/docker-plugin,withCredentials,86,108,addCredentials,177,195,95.05,4.95,92.52,7.48,90-100,0,0,0,3,0,Accept,,,,,
82,jenkinsci/docker-plugin,InjectSSHKey,321,326,setUser,64,69,88.24,11.76,100,0,80-89,4,0,2,1,0,Accept,,,,,
83,jenkinsci/docker-plugin,withCredentials,82,111,addCredentials,177,195,76.74,23.26,91.59,8.41,70-79,0,0,0,3,0,Accept,,,,,
84,jenkinsci/slack-plugin,doTestConnection,617,649,doTestConnectionGlobal,873,909,97.15,2.85,1.03,98.97,90-100,0,0,0,3,0,Accept,,,,,
85,zeromq/jeromq,size,225,230,size,23,29,100,0,100,0,100,4,0,2,1,0,Accept,,,,,
86,zeromq/jeromq,close,475,483,close,376,381,100,0,100,0,100,4,0,2,1,0,Accept,,,,,
87,zeromq/jeromq,connect,416,592,connectInternal,486,674,90.92,9.08,87.38,12.63,90-100,0,0,0,3,0,Accept,,,,,
88,maxmind/GeoIP2-java,getDomain,31,35,getDomain,335,340,100,0,83.33,16.67,100,4,0,2,1,0,Accept,,,,,
89,maxmind/GeoIP2-java,getDomain,31,35,getDomain,335,340,100,0,83.33,16.67,100,4,0,2,1,0,Accept,,,,,
90,maxmind/GeoIP2-java,city,225,231,city,230,236,96,4,96,4,90-100,0,0,0,2,0,Accept,,,,,
91,crawljax/crawljax,getDocumentNoBalance,95,103,getDocumentNoBalance,183,191,100,0,100,0,100,4,0,2,1,0,Accept,,,,,
92,crawljax/crawljax,getPort,44,49,getPort,43,48,100,0,100,0,100,4,0,2,1,0,Accept,,,,,
93,crawljax/crawljax,getDocument,166,174,asDocument,74,86,98.18,1.82,76.06,23.94,90-100,4,0,2,3,0,Accept,,,,,
94,crawljax/crawljax,crawl,132,142,crawl,146,157,82.61,17.39,76,24,80-89,0,0,0,4,3,Accept,Accept,,1,,
95,crawljax/crawljax,asDocument,74,86,getDocument,166,174,76.06,23.94,98.18,1.82,70-79,4,0,2,3,0,Accept,,,,,
96,crawljax/crawljax,isClone,62,74,update,171,198,67.86,32.14,36.89,63.11,60-69,0,0,0,4,3,Reject,Accept,,1,,
97,jenkinsci/mercurial-plugin,touchAndCommit,77,91,touchAndCommit,66,80,100,0,100,0,100,4,4,4,1,2,Accept,Accept,,1,,
98,jenkinsci/mercurial-plugin,touchAndCommit,77,91,touchAndCommit,66,80,100,0,100,0,100,4,0,2,1,0,Accept,,,,,
99,jenkinsci/mercurial-plugin,buildAndCheck,91,110,buildAndCheck,76,96,97.71,2.29,97.71,2.29,90-100,0,0,0,3,0,Accept,,,,,
100,johncarl81/transfuse,openBinary,45,56,openBinary,37,48,100,0,100,0,100,4,0,2,1,0,Accept,,,,,
101,johncarl81/transfuse,openBinary,45,56,openBinary,37,48,100,0,100,0,100,4,0,2,1,0,Accept,,,,,
102,bguerout/jongo,as,53,57,as,79,83,100,0,100,0,100,4,0,2,1,0,Accept,,,,,
103,bguerout/jongo,as,53,57,as,79,83,100,0,100,0,100,4,0,2,1,0,Accept,,,,,
104,bguerout/jongo,orderBy,64,69,with,111,116,91.67,8.33,0,100,90-100,0,0,0,4,0,Accept,,,,,
105,dbfit/dbfit,SnowflakeEnvironment,14,19,supportsOuputOnInsert,28,32,100,0,100,0,100,4,0,2,1,0,Accept,,,,,
106,dbfit/dbfit,SnowflakeEnvironment,14,19,SybaseEnvironment,23,28,100,0,100,0,100,4,0,2,1,0,Accept,,,,,
107,bugsnag/bugsnag-android,getAutoCaptureSessions,470,474,getMetaData,373,378,100,0,100,0,100,0,0,0,4,0,Reject,,,,,
108,bugsnag/bugsnag-android,getAutoCaptureSessions,470,474,shouldAutoCaptureSessions,352,356,100,0,100,0,100,4,0,2,2,0,Accept,,,,,
109,bugsnag/bugsnag-android,getId,50,55,getUserId,104,109,90,10,77.78,22.22,90-100,0,0,0,3,0,Accept,,,,,
110,addthis/hydra,runtimeShutdownHook,2784,2814,close,2561,2606,92.16,7.84,59.52,40.48,90-100,4,0,2,3,0,Accept,,,,,
111,addthis/hydra,filterValue,55,93,filterValue,78,117,48.69,51.31,63.52,36.48,40-49,0,0,0,3,0,Accept,,,,,
112,thelinmichael/spotify-web-api-java,getHref,34,38,getHref,16,20,100,0,100,0,100,4,0,2,1,0,Accept,,,,,
113,thelinmichael/spotify-web-api-java,getHref,16,20,getHref,88,92,100,0,100,0,100,4,0,2,1,0,Accept,,,,,
114,alexruiz/fest-assert-2.x,shouldMatch,37,41,shouldMatch,36,40,100,0,100,0,100,4,0,2,1,0,Accept,,,,,
115,alexruiz/fest-assert-2.x,shouldMatch,37,41,shouldMatch,36,40,100,0,100,0,100,4,0,2,1,0,Accept,,,,,
116,alexruiz/fest-assert-2.x,equals,127,145,equals,197,207,93.85,6.15,100,0,90-100,2,0,1,2,0,Accept,,,,,
117,52North/WPS,ExecuteRequestV200,81,106,ExecuteRequest,108,133,100,0,100,0,100,4,0,2,2,0,Accept,,,,,
118,52North/WPS,ExecuteRequestV200,81,106,ExecuteRequest,108,133,100,0,100,0,100,4,0,2,2,0,Accept,,,,,
119,52North/WPS,FlatFileDatabase,124,157,PostgresDatabase,108,136,93.94,6.06,67.09,32.91,90-100,0,0,0,3,0,Accept,,,,,
120,52North/WPS,call,171,290,call,636,747,86.83,13.17,88.55,11.45,80-89,1,0,0.5,3,0,Accept,,,,,
121,52North/WPS,registerScriptFile,248,355,registerScript,228,299,60.9,39.1,85.44,14.56,60-69,0,0,0,3,0,Accept,,,,,
122,52North/WPS,ExecuteRequestV100,103,128,initializeDescription,53,83,39.33,60.67,77.02,22.98,30-39,0,0,0,3,3,Accept,Accept,,1,,
123,timols/java-gitlab-api,getDescription,58,62,getDescription,79,83,100,0,100,0,100,4,0,2,1,0,Accept,,,,,
124,timols/java-gitlab-api,getId,101,105,getId,43,47,100,0,100,0,100,4,0,2,1,0,Accept,,,,,
125,JFrogDev/jenkins-artifactory-plugin,getUrl,55,59,getUrl,108,112,100,0,100,0,100,4,0,2,1,0,Accept,,,,,
126,JFrogDev/jenkins-artifactory-plugin,getUrl,55,59,getUrl,108,112,100,0,100,0,100,4,0,2,1,0,Accept,,,,,
127,searchbox-io/Jest,getRestMethodName,23,28,getRestMethodName,40,45,100,0,100,0,100,4,0,2,1,0,Accept,,,,,
128,searchbox-io/Jest,getRestMethodName,23,28,getRestMethodName,33,38,100,0,100,0,100,4,0,2,1,0,Accept,,,,,
129,RichardWarburton/java-8-lambdas-exercises,countLowercaseLetters,11,17,countLowercaseLetters,12,20,100,0,100,0,100,4,0,2,1,0,Accept,,,,,
130,RichardWarburton/java-8-lambdas-exercises,countLowercaseLetters,10,16,countLowercaseLetters,12,20,100,0,100,0,100,4,0,2,1,0,Accept,,,,,
131,jboss-switchyard/core,Car,124,125,Car,124,125,100,0,100,0,100,4,0,2,1,0,Accept,,,,,
132,jboss-switchyard/core,Car,124,125,Car,73,74,100,0,100,0,100,4,0,2,1,0,Accept,,,,,
133,jboss-switchyard/core,start,61,69,start,58,67,98.08,1.92,91.25,8.75,90-100,4,0,2,3,0,Accept,,,,,
134,jboss-switchyard/core,require,83,89,require,78,84,83.33,16.67,100,0,80-89,4,4,4,3,3,Accept,Accept,,1,,
135,jboss-switchyard/core,SwitchYard,51,58,SwitchYard,51,55,75.51,24.49,100,0,70-79,0,0,0,3,0,Accept,,,,,
136,jboss-switchyard/core,DomainImpl,74,85,MockDomain,39,48,64.52,35.48,95.24,4.76,60-69,0,0,0,3,0,Accept,,,,,
137,tomakehurst/wiremock,but,115,119,andMatching,190,195,100,0,100,0,100,0,0,0,3,3,Accept,Accept,,1,,
138,tomakehurst/wiremock,load,38,58,loadStore,48,68,100,0,96.51,3.49,100,4,0,2,2,0,Accept,,,,,
139,tomakehurst/wiremock,equals,113,125,equals,31,43,90.91,9.09,94.44,5.56,90-100,2,0,1,2,0,Accept,,,,,
140,tomakehurst/wiremock,equals,113,125,equals,60,73,86.36,13.64,83.82,16.18,80-89,2,0,1,3,0,Accept,,,,,
141,tomakehurst/wiremock,match,106,179,aggregateWeighted,66,87,20.12,79.88,84.81,15.19,20-29,0,0,0,3,0,Accept,,,,,
142,tomakehurst/wiremock,match,117,190,match,48,66,16.51,83.49,86.89,13.11,10-19,0,0,0,3,3,Accept,Accept,,1,,
143,antlr/antlr3,visit,254,258,visit,59,62,100,0,100,0,100,4,0,2,1,0,Accept,,,,,
144,antlr/antlr3,visit,254,258,visit,59,62,100,0,100,0,100,4,0,2,1,0,Accept,,,,,
145,SonarSource/sonar-scanner-api,loadClass,70,103,loadClass,57,91,100,0,98.37,1.63,100,4,0,2,3,0,Accept,,,,,
146,SonarSource/sonar-scanner-api,addFiles,44,54,addFiles,45,55,100,0,100,0,100,4,0,2,1,0,Accept,,,,,
147,SonarSource/sonar-scanner-api,loadClass,57,91,loadClass,70,103,98.37,1.63,100,0,90-100,4,0,2,3,0,Accept,,,,,
148,apache/deltaspike,getFirstEntityManager,63,68,getFirstEntityManager,63,68,100,0,100,0,100,4,0,2,1,0,Accept,,,,,
149,apache/deltaspike,getFirstEntityManager,63,68,getFirstEntityManager,63,68,100,0,100,0,100,4,0,2,1,0,Accept,,,,,
150,DigitalPebble/storm-crawler,getMockedTopologyContext,42,56,getMockedTopologyContext,41,55,100,0,100,0,100,4,0,2,1,0,Accept,,,,,
151,DigitalPebble/storm-crawler,getMockedTopologyContext,42,56,getMockedTopologyContext,37,51,100,0,100,0,100,4,0,2,1,0,Accept,,,,,
152,galenframework/galen,getText,88,92,getText,88,92,100,0,100,0,100,4,4,4,1,1,Accept,Accept,,1,,
153,galenframework/galen,getType,80,84,getType,80,84,100,0,100,0,100,4,0,2,1,0,Accept,,,,,
154,dropwizard/dropwizard,getPort,250,255,getPort,75,80,100,0,100,0,100,4,0,2,1,0,Accept,,,,,
155,dropwizard/dropwizard,getAdminPort,224,228,getAdminPort,182,186,100,0,100,0,100,4,0,2,1,0,Accept,,,,,
156,dropwizard/dropwizard,build,153,180,build,100,139,95.3,4.7,79.35,20.65,90-100,0,0,0,3,0,Accept,,,,,
157,dropwizard/dropwizard,getKeyStorePath,322,328,getKeyStorePath,285,290,83.33,16.67,100,0,80-89,4,0,2,1,0,Accept,,,,,
158,dropwizard/dropwizard,build,100,139,build,153,180,79.35,20.65,95.3,4.7,70-79,0,0,0,3,0,Accept,,,,,
159,dropwizard/dropwizard,build,186,207,appender,282,293,48.63,51.37,100,0,40-49,0,0,0,3,0,Accept,,,,,
160,secure-software-engineering/soot-infoflow,setSootConfig,166,170,setSootConfig,306,311,100,0,100,0,100,4,0,2,1,0,Accept,,,,,
161,secure-software-engineering/soot-infoflow,getUseRecursiveAccessPaths,230,234,getUseRecursiveAccessPaths,889,893,100,0,100,0,100,4,0,2,1,0,Accept,,,,,
162,secure-software-engineering/soot-infoflow,isPathBetweenMethods,222,238,isPathBetweenMethods,287,303,87.88,12.12,93.55,6.45,80-89,4,0,2,2,0,Accept,,,,,
163,matyb/java-koans,toString,108,113,toString,20,31,100,0,100,0,100,0,0,0,4,3,Reject,Accept,,1,,
164,matyb/java-koans,toString,108,113,toString,20,31,100,0,100,0,100,0,0,0,4,3,Reject,Accept,,1,,
165,dcm4che/dcm4che,endElement,268,313,startElement,95,171,100,0,100,0,100,0,0,0,0,0,,,,,,
166,dcm4che/dcm4che,endElement,268,313,startElement,95,171,100,0,100,0,100,4,0,2,1,0,Accept,,,,,
167,scobal/seyren,getError,34,39,getError,119,124,100,0,100,0,100,4,0,2,1,0,Accept,,,,,
168,scobal/seyren,getWarn,19,24,getWarn,104,109,100,0,100,0,100,4,0,2,1,0,Accept,,,,,
169,arquillian/arquillian-container-tomcat,setBindAddress,85,90,setBindAddress,90,95,94.12,5.88,100,0,90-100,4,0,2,2,0,Accept,,,,,
170,arquillian/arquillian-container-tomcat,setup,94,101,setup,76,82,84.85,15.15,100,0,80-89,4,0,2,3,0,Accept,,,,,
171,jdeferred/jdeferred,ValueHolder,23,26,ValueHolder,23,26,100,0,100,0,100,4,0,2,1,0,Accept,,,,,
172,jdeferred/jdeferred,ValueHolder,23,26,ValueHolder,23,26,100,0,100,0,100,4,0,2,1,0,Accept,,,,,
173,tfnico/guava-examples,getId,90,94,getId,212,216,100,0,100,0,100,4,0,2,1,0,Accept,,,,,
174,tfnico/guava-examples,getId,90,94,getId,212,216,100,0,100,0,100,4,4,4,1,1,Accept,Accept,,1,,
175,robert-bor/aho-corasick,tokenize,84,105,tokenize,59,79,88.24,11.76,96.72,3.28,80-89,4,0,2,2,0,Accept,,,,,
176,jenkinsci/jclouds-plugin,getAllProviders,646,658,doFillProviderNameItems,389,407,97.8,2.2,93.39,6.61,90-100,0,0,0,3,0,Accept,,,,,
177,lemire/javaewah,cardinality,571,589,toDebugString,1618,1639,100,0,96.69,3.31,100,0,0,0,1,3,Reject,Accept,,1,,
178,lemire/javaewah,clear,592,599,clear,548,555,100,0,100,0,100,4,4,4,1,1,Accept,Accept,,1,,
179,lemire/javaewah,not,952,1000,setSizeInBitsWithinLastWord,1361,1399,98.23,1.77,69.57,30.43,90-100,4,0,2,3,0,Accept,,,,,
180,lemire/javaewah,cardinality,564,581,toArray,1529,1560,87.27,12.73,97.5,2.5,80-89,0,0,0,4,0,Accept,,,,,
181,OrbitzWorldwide/consul-client,getTaggedAddresses,28,31,getTaggedAddresses,28,31,100,0,100,0,100,4,0,2,1,0,Accept,,,,,
182,OrbitzWorldwide/consul-client,acquireLock,647,651,acquireLock,471,475,100,0,100,0,100,4,0,2,1,0,Accept,,,,,
183,spotify/docker-client,builder,388,392,builder,113,117,100,0,100,0,100,4,0,2,1,0,Accept,,,,,
184,spotify/docker-client,fromDockerConfig,143,148,fromDockerConfig,117,122,100,0,100,0,100,4,0,2,1,0,Accept,,,,,
185,lightcouch/LightCouch,remove,402,410,remove,371,379,100,0,96.61,3.39,100,4,0,2,2,0,Accept,,,,,
186,lightcouch/LightCouch,remove,402,410,remove,436,444,100,0,96.61,3.39,100,4,0,2,2,0,Accept,,,,,
187,lightcouch/LightCouch,find,78,85,find,178,185,95.92,4.08,52.63,47.37,90-100,3,0,1.5,3,0,Accept,,,,,
188,lightcouch/LightCouch,contains,91,105,contains,291,304,89.83,10.17,83.05,16.95,80-89,4,0,2,3,0,Accept,,,,,
189,lightcouch/LightCouch,find,182,189,find,208,214,76.79,23.21,93.88,6.12,70-79,0,0,0,3,0,Accept,,,,,
190,jboss-switchyard/quickstarts,isAccepted,89,93,isAccepted,89,93,100,0,100,0,100,4,0,2,1,0,Accept,,,,,
191,jboss-switchyard/quickstarts,setItemId,105,109,setItemId,105,109,100,0,100,0,100,4,0,2,1,0,Accept,,,,,
192,trautonen/coveralls-maven-plugin,execute,160,198,execute,229,265,93.4,6.6,95.15,4.85,90-100,4,0,2,3,0,Accept,,,,,
193,Netflix/denominator,remove,64,69,doRun,88,114,100,0,22.77,77.23,100,4,0,2,1,0,Accept,,,,,
194,Netflix/denominator,remove,64,69,remove,82,87,100,0,100,0,100,4,0,2,1,0,Accept,,,,,
195,Netflix/denominator,assertSessionRequest,85,92,assertSessionRequest,87,95,96.77,3.23,94.29,5.71,90-100,3,0,1.5,3,0,Accept,,,,,
196,Netflix/denominator,doRun,220,252,doRun,131,166,87.86,12.14,52.43,47.57,80-89,3,0,1.5,3,0,Accept,,,,,
197,Netflix/denominator,next,30,53,next,57,88,75.71,24.29,65.82,34.18,70-79,3,0,1.5,3,0,Accept,,,,,
198,Netflix/denominator,next,30,53,next,31,53,66.43,33.57,87.74,12.26,60-69,3,0,1.5,3,0,Accept,,,,,
199,agoncal/agoncal-application-petstore-ee7,getId,79,84,getId,222,226,100,0,100,0,100,4,0,2,1,0,Accept,,,,,
200,agoncal/agoncal-application-petstore-ee7,Customer,111,123,Customer,84,94,100,0,100,0,100,4,0,2,1,0,Accept,,,,,
201,agoncal/agoncal-application-petstore-ee7,setId,60,65,setId,75,79,93.75,6.25,100,0,90-100,4,0,2,2,0,Accept,,,,,
202,agoncal/agoncal-application-petstore-ee7,setId,60,65,setId,168,172,87.5,12.5,94.12,5.88,80-89,4,0,2,2,0,Accept,,,,,
203,tinkerpop/blueprints,setProperty,39,46,setProperty,38,45,95.65,4.35,100,0,90-100,4,0,2,2,0,Accept,,,,,
204,tinkerpop/blueprints,remove,154,202,removeVertex,206,234,67.63,32.37,80.11,19.89,60-69,0,0,0,3,0,Accept,,,,,
205,zauberlabs/gnip4j,setValue,39,43,setValue,34,38,100,0,100,0,100,4,0,2,1,0,Accept,,,,,
206,zauberlabs/gnip4j,setValue,39,43,setValue,62,66,100,0,100,0,100,4,0,2,1,0,Accept,,,,,
207,zauberlabs/gnip4j,getObjectMapper,43,57,getObjectMapper,75,87,96.51,3.49,100,0,90-100,4,0,2,3,0,Accept,,,,,
208,zauberlabs/gnip4j,getDisplayName,326,330,getDisplayName,35,39,88.89,11.11,100,0,80-89,4,0,2,2,0,Accept,,,,,
209,zauberlabs/gnip4j,getObjectType,334,338,getObjectType,43,47,33.33,66.67,100,0,30-39,4,0,2,2,0,Accept,,,,,
210,Netflix/suro,getZkClient,60,63,getZkClient,60,63,100,0,100,0,100,4,0,2,1,0,Accept,,,,,
211,Netflix/suro,getZkClient,60,63,getZkClient,60,63,100,0,100,0,100,4,4,4,1,1,Accept,Accept,,1,,
212,Netflix/suro,start,61,106,start,49,90,94.07,5.93,100,0,90-100,4,0,2,3,0,Accept,,,,,
213,jhunters/jprotobuf,newBuilder,268,269,newBuilder,324,325,100,0,100,0,100,4,0,2,1,0,Accept,,,,,
214,jhunters/jprotobuf,getList,137,151,getList,22,23,100,0,100,0,100,4,0,2,1,0,Accept,,,,,
215,jhunters/jprotobuf,build,436,445,build,1109,1117,93.33,6.67,100,0,90-100,4,0,2,1,0,Accept,,,,,
216,jhunters/jprotobuf,setList,446,456,addList3,765,775,85.71,14.29,85.71,14.29,80-89,3,0,1.5,3,0,Accept,,,,,
217,Agilefant/agilefant,getId,88,97,getId,91,98,100,0,100,0,100,4,0,2,1,0,Accept,,,,,
218,Agilefant/agilefant,setId,102,106,setId,48,52,100,0,100,0,100,4,0,2,1,0,Accept,,,,,
219,Agilefant/agilefant,getStory,33,38,getStory,241,245,90,10,100,0,90-100,4,0,2,1,0,Accept,,,,,
220,Agilefant/agilefant,getName,106,113,getTaskComment,106,117,82.35,17.65,66.67,33.33,80-89,0,0,0,4,0,Accept,,,,,
221,Agilefant/agilefant,getId,71,78,getId,25,30,73.68,26.32,100,0,70-79,4,0,2,3,0,Accept,,,,,
222,Agilefant/agilefant,getId,88,97,getId,34,40,66.67,33.33,100,0,60-69,4,4,4,3,2,Accept,Accept,,1,,
223,Agilefant/agilefant,getId,71,78,getId,28,34,52.63,47.37,90.91,9.09,50-59,4,0,2,3,0,Accept,,,,,
224,Agilefant/agilefant,getId,88,97,getId,35,41,47.62,52.38,90.91,9.09,40-49,4,0,2,3,0,Accept,,,,,
225,helun/Ektorp,buildQuery,578,653,buildQueryURI,598,667,100,0,98.28,1.72,100,0,0,0,3,0,Accept,,,,,
226,helun/Ektorp,post,100,105,post,75,80,100,0,100,0,100,4,0,2,1,0,Accept,,,,,
227,helun/Ektorp,areEqual,31,43,equals,59,63,90.24,9.76,100,0,90-100,0,0,0,4,0,Reject,,,,,
228,jboss/metadata,parse,50,54,parse,50,54,100,0,100,0,100,4,0,2,1,0,Accept,,,,,
229,jboss/metadata,getJaccContextID,437,441,getJaccContextID,356,360,100,0,100,0,100,4,0,2,1,0,Accept,,,,,
230,twilio/twilio-java,delete,58,65,delete,86,93,100,0,100,0,100,4,4,4,1,1,Accept,Accept,,1,,
231,twilio/twilio-java,getAccountSid,84,88,getAccountSid,114,118,100,0,100,0,100,4,0,2,1,0,Accept,,,,,
232,twilio/twilio-java,TwilioRestClient,127,166,TwilioClient,124,158,81.09,18.91,84.29,15.71,80-89,4,0,2,3,0,Accept,,,,,
233,twilio/twilio-java,getResourceLocation,77,89,getResourceLocation,72,79,51.28,48.72,74.07,25.93,50-59,0,0,0,3,0,Accept,,,,,
234,demoiselle/behave,waitElement,202,215,waitElementOnlyVisible,209,218,100,0,67.92,32.08,100,4,0,2,1,0,Accept,,,,,
235,demoiselle/behave,waitElement,202,215,waitElementOnlyVisible,209,218,100,0,67.92,32.08,100,4,0,2,1,0,Accept,,,,,
236,taskadapter/redmine-java-api,getId,34,38,getId,8,12,100,0,100,0,100,4,0,2,1,0,Accept,,,,,
237,taskadapter/redmine-java-api,getName,42,46,getName,30,34,100,0,100,0,100,4,0,2,1,0,Accept,,,,,
238,taskadapter/redmine-java-api,uploadAttachment,766,784,uploadAttachment,132,149,98.95,1.05,99,1,90-100,0,0,0,3,3,Accept,Accept,,1,,
239,taskadapter/redmine-java-api,getId,107,112,getId,28,32,80,20,100,0,80-89,4,0,2,3,0,Accept,,,,,
240,taskadapter/redmine-java-api,getCustomField,504,513,toString,182,187,77.14,22.86,88.89,11.11,70-79,0,0,0,3,0,Accept,,,,,
241,kpelykh/docker-java,getId,22,26,getId,23,27,100,0,100,0,100,4,0,2,1,0,Accept,,,,,
242,kpelykh/docker-java,getId,22,26,getId,20,24,100,0,100,0,100,4,0,2,1,0,Accept,,,,,
243,kpelykh/docker-java,push,277,292,impl,50,64,74.03,25.97,97.26,2.74,70-79,0,0,0,3,0,Accept,,,,,
244,jenkinsci/deploy-plugin,configure,44,55,configure,34,45,95.77,4.23,98.55,1.45,90-100,4,0,2,2,0,Accept,,,,,
245,jenkinsci/deploy-plugin,configure,54,74,configure,34,45,47.55,52.45,98.55,1.45,40-49,4,0,2,2,0,Accept,,,,,
246,edwardcapriolo/filecrush,createValue,75,80,createValue,78,83,100,0,100,0,100,4,0,2,1,0,Accept,,,,,
247,edwardcapriolo/filecrush,createValue,75,80,createValue,78,83,100,0,100,0,100,4,0,2,1,0,Accept,,,,,
248,t0xa/gelfj,getFullMessage,219,223,getFullMessage,74,78,100,0,100,0,100,4,0,2,1,0,Accept,,,,,
249,t0xa/gelfj,getFacility,132,136,getFacility,99,103,100,0,100,0,100,4,4,4,1,1,Accept,Accept,,1,,
250,t0xa/gelfj,toUDPBuffers,88,107,toUDPBuffers,68,90,94.57,5.43,87.74,12.26,90-100,0,0,0,3,0,Accept,,,,,
251,t0xa/gelfj,activateOptions,170,205,start,241,290,89.63,10.37,80.44,19.56,80-89,4,0,2,3,0,Accept,,,,,
252,lessthanoptimal/BoofCV,CameraPinholeBrown,65,72,CameraPinhole,55,62,100,0,100,0,100,4,0,2,1,0,Accept,,,,,
253,lessthanoptimal/BoofCV,fillUniform,397,439,copy,89,133,100,0,100,0,100,4,0,2,1,0,Accept,,,,,
254,lessthanoptimal/BoofCV,transformChangeModel_F32,103,170,transformChangeModel,54,127,98.98,1.02,88.79,11.21,90-100,0,0,0,3,0,Accept,,,,,
255,lessthanoptimal/BoofCV,logicAnd,70,90,logicAnd,30,46,83.8,16.2,99.17,0.83,80-89,0,0,0,3,0,Accept,,,,,
256,lessthanoptimal/BoofCV,compute,44,53,compute,43,50,79.63,20.37,100,0,70-79,4,0,2,3,0,Accept,,,,,
257,lessthanoptimal/BoofCV,DetectFiducialSquareBinary,97,120,DetectFiducialSquareHamming,78,96,63.57,36.43,86.96,13.04,60-69,0,0,0,3,0,Accept,,,,,
258,lessthanoptimal/BoofCV,pathExampleURL,127,167,pathExample,39,66,52.76,47.24,88.31,11.69,50-59,0,0,0,3,0,Accept,,,,,
259,lessthanoptimal/BoofCV,process,57,64,process,49,54,41.67,58.33,100,0,40-49,4,0,2,3,0,Accept,,,,,
260,lessthanoptimal/BoofCV,initialize,73,94,initialize,66,75,30.17,69.83,80,20,30-39,0,0,0,3,0,Accept,,,,,
261,lessthanoptimal/BoofCV,fsetK,93,108,CameraPinholeBrown,62,69,28.21,71.79,100,0,20-29,0,0,0,3,0,Accept,,,,,
262,lessthanoptimal/BoofCV,process_I8,42,122,process_I8,42,120,10.29,89.71,94.87,5.13,10-19,4,0,2,3,0,Accept,,,,,
263,vmi/selenese-runner-java,replaceVars,172,177,replaceVars,67,72,96.15,3.85,96.15,3.85,90-100,4,0,2,2,0,Accept,,,,,
264,vmi/selenese-runner-java,execute,236,254,execute,149,172,64.58,35.42,58.47,41.53,60-69,0,0,0,3,0,Accept,,,,,
265,vmi/selenese-runner-java,execute,149,172,execute,236,254,58.47,41.53,64.58,35.42,50-59,0,0,0,3,0,Accept,,,,,
266,vmi/selenese-runner-java,execute,116,137,appendString,94,104,45.28,54.72,65.75,34.25,40-49,0,0,0,3,0,Accept,,,,,
267,vmi/selenese-runner-java,execute,149,172,execute,59,71,35.59,64.41,81.63,18.37,30-39,0,0,0,3,0,Accept,,,,,
268,LMAX-Exchange/disruptor,haltLater,97,102,halt,46,52,100,0,100,0,100,4,0,2,1,0,Accept,,,,,
269,LMAX-Exchange/disruptor,getSequence,81,87,getSequence,29,35,100,0,100,0,100,4,0,2,1,0,Accept,,,,,
270,LMAX-Exchange/disruptor,halt,87,94,halt,1513,1519,94.74,5.26,100,0,90-100,4,0,2,2,0,Accept,,,,,
271,Esri/geometry-api-java,next,18,26,next,20,32,100,0,70,30,100,3,0,1.5,3,0,Accept,,,,,
272,Esri/geometry-api-java,next,18,26,next,50,58,100,0,100,0,100,3,0,1.5,2,0,Accept,,,,,
273,Esri/geometry-api-java,OperatorEnclosingCircleCursor,12,18,OperatorOffsetCursor,35,50,96.77,3.23,45.45,54.55,90-100,0,0,0,3,3,Accept,Accept,,1,,
274,Esri/geometry-api-java,next,24,38,next,53,69,87.01,12.99,72.22,27.78,80-89,3,0,1.5,3,0,Accept,,,,,
275,Esri/geometry-api-java,next,18,30,next,50,58,70,30,100,0,70-79,0,0,0,3,3,Accept,Accept,,1,,
276,Esri/geometry-api-java,Equals,254,271,equals,217,224,51.47,48.53,100,0,50-59,3,0,1.5,3,0,Accept,,,,,
277,Esri/geometry-api-java,getOperator,125,134,getPersistenceFromInt,326,335,37.5,62.5,42.31,57.69,30-39,0,0,0,4,0,Accept,,,,,
278,Esri/geometry-api-java,next,36,53,next,50,58,26.58,73.42,100,0,20-29,3,0,1.5,3,0,Accept,,,,,
279,jmeter-maven-plugin/jmeter-maven-plugin,stripCarriageReturns,30,34,stripCarriageReturns,41,45,100,0,100,0,100,4,0,2,1,0,Accept,,,,,
280,jmeter-maven-plugin/jmeter-maven-plugin,stripCarriageReturns,30,34,stripCarriageReturns,42,46,100,0,100,0,100,4,0,2,1,0,Accept,,,,,
281,jmeter-maven-plugin/jmeter-maven-plugin,hasTestPassed,47,78,scanForProblems,39,53,50,50,100,0,50-59,0,0,0,3,0,Accept,,,,,
282,functionaljava/functionaljava,traverseF,782,790,traverseP1,639,646,100,0,100,0,100,4,0,2,1,0,Accept,,,,,
283,functionaljava/functionaljava,some,920,924,some,625,630,100,0,100,0,100,4,0,2,1,0,Accept,,,,,
284,functionaljava/functionaljava,traverseOption,823,830,traverseP1,598,605,65,35,95.12,4.88,60-69,0,0,0,2,3,Accept,Accept,,1,,
285,xetorthio/jedis,hgetAll,1008,1015,rpop,1339,1346,100,0,100,0,100,0,0,0,3,3,Accept,Accept,,1,,
286,xetorthio/jedis,clientList,3228,3235,scan,3745,3750,100,0,42.86,57.14,100,0,0,0,4,0,Accept,,,,,
287,xetorthio/jedis,clientId,3653,3660,clientId,4344,4351,90.48,9.52,95,5,90-100,4,0,2,2,0,Accept,,,,,
288,xetorthio/jedis,xpending,4482,4490,xpending,2557,2568,84.62,15.38,72.94,27.06,80-89,0,0,0,3,0,Accept,,,,,
289,xetorthio/jedis,connect,166,210,createSocket,67,114,75.12,24.88,76.72,23.28,70-79,0,0,0,3,0,Accept,,,,,
290,lordofthejars/nosql-unit,Book,8,14,setNumberOfPages,21,26,100,0,100,0,100,4,0,2,1,0,Accept,,,,,
291,lordofthejars/nosql-unit,getTitle,26,30,getTitle,14,18,100,0,100,0,100,4,0,2,1,0,Accept,,,,,
292,lordofthejars/nosql-unit,Book,8,14,Book,21,26,96.15,3.85,100,0,90-100,3,0,1.5,3,0,Accept,,,,,
293,lordofthejars/nosql-unit,addNeoFriend,36,49,createNodes,213,231,73.68,26.32,37.78,62.22,70-79,0,0,0,3,0,Accept,,,,,
294,sendgrid/sendgrid-java,getValue,41,46,getValue,33,38,100,0,100,0,100,4,0,2,1,0,Accept,,,,,
295,sendgrid/sendgrid-java,getValue,41,46,getValue,33,38,100,0,100,0,100,4,0,2,1,0,Accept,,,,,
296,sendgrid/sendgrid-java,setValue,46,51,setValue,38,42,69.57,30.43,100,0,60-69,4,0,2,3,0,Accept,,,,,
297,shyiko/mysql-binlog-connector-java,query,1132,1148,execute,1098,1109,100,0,97.96,2.04,100,0,0,0,3,0,Reject,,,,,
298,shyiko/mysql-binlog-connector-java,query,1132,1148,execute,1098,1109,100,0,97.96,2.04,100,0,0,0,3,0,Reject,,,,,
299,peter-lawrey/Java-Chronicle,clear,231,236,clear,196,201,100,0,100,0,100,4,0,2,1,0,Accept,,,,,
300,peter-lawrey/Java-Chronicle,readChar,68,71,readChar,65,68,100,0,100,0,100,4,0,2,1,0,Accept,,,,,
301,peter-lawrey/Java-Chronicle,index,64,82,index,173,201,98.84,1.16,57.78,42.22,90-100,3,0,1.5,3,0,Accept,,,,,
302,peter-lawrey/Java-Chronicle,InProcessChronicleSource,66,77,ChronicleSource,57,68,88.46,11.54,90.2,9.8,80-89,0,0,0,3,0,Accept,,,,,
303,aeshell/aesh,TerminalPage,36,41,TerminalPage,23,28,100,0,100,0,100,4,0,2,1,0,Accept,,,,,
304,aeshell/aesh,getAsList,120,128,getAsList,107,115,100,0,100,0,100,4,0,2,1,0,Accept,,,,,
305,aeshell/aesh,loadPage,47,100,loadPage,60,108,96.94,3.06,99.55,0.45,90-100,4,0,2,2,0,Accept,,,,,
306,aeshell/aesh,ExportManager,61,69,ExportManager,42,49,75.61,24.39,100,0,70-79,0,0,0,3,0,Accept,,,,,
307,TomasMikula/RichTextFX,StyleSpansBuilder,114,118,StyleSpansBuilder,95,99,100,0,100,0,100,4,0,2,1,0,Accept,,,,,
308,TomasMikula/RichTextFX,singleton,24,28,singleton,16,20,100,0,100,0,100,4,0,2,1,0,Accept,,,,,
309,TomasMikula/RichTextFX,getText,412,422,getText,317,327,96,4,94.12,5.88,90-100,4,0,2,2,0,Accept,,,,,
310,yandex-qatools/htmlelements,getTextInputList,80,84,getTextInputList,79,83,100,0,100,0,100,4,0,2,1,0,Accept,,,,,
311,yandex-qatools/htmlelements,getTextInput,67,71,getTextInput,68,72,100,0,100,0,100,4,4,4,1,1,Accept,Accept,,1,,
312,jboss-logging/jboss-logmanager,SizeRotatingFileHandler,42,45,SizeRotatingFileHandler,42,45,100,0,100,0,100,4,0,2,1,0,Accept,,,,,
313,jboss-logging/jboss-logmanager,SizeRotatingFileHandler,42,45,SizeRotatingFileHandler,41,44,100,0,100,0,100,4,0,2,1,0,Accept,,,,,
314,jboss-logging/jboss-logmanager,setFile,139,151,setFile,138,150,85.07,14.93,100,0,80-89,4,4,4,3,3,Accept,Accept,,1,,
315,jboss-logging/jboss-logmanager,setFile,139,151,setFile,135,147,79.1,20.9,100,0,70-79,4,4,4,3,3,Accept,Accept,,1,,
316,spullara/redis-protocol,addListener,268,272,addListener,319,323,100,0,100,0,100,4,0,2,1,0,Accept,,,,,
317,spullara/redis-protocol,addListener,268,272,addListener,319,323,100,0,100,0,100,4,0,2,1,0,Accept,,,,,
318,linkedin/parseq,setEndNanos,129,134,setTaskType,178,183,100,0,100,0,100,4,0,2,1,0,Accept,,,,,
319,linkedin/parseq,await,202,206,await,142,146,100,0,100,0,100,4,0,2,1,0,Accept,,,,,
320,linkedin/parseq,equals,191,244,equals,65,87,40.25,59.75,100,0,40-49,0,0,0,3,0,Accept,,,,,
321,linkedin/parseq,equals,191,244,equals,40,58,31.36,68.64,92.5,7.5,30-39,0,0,0,3,0,Accept,,,,,
322,linkedin/parseq,equals,202,260,equals,40,58,28.46,71.54,92.5,7.5,20-29,0,0,0,3,3,Accept,Accept,,1,,
323,tumblr/jumblr,blogPosts,179,194,blogLikes,206,215,100,0,74.36,25.64,100,0,0,0,3,0,Accept,,,,,
324,tumblr/jumblr,blogPosts,179,194,blogPostNotes,578,588,100,0,15.91,84.09,100,0,0,0,3,3,Accept,Accept,,,,
325,tumblr/jumblr,postReblog,432,443,tagged,96,106,84.07,15.93,92.68,7.32,80-89,0,0,0,0,3,,Accept,,,,
326,tumblr/jumblr,blogLikes,206,215,blogPosts,179,194,75.64,24.36,100,0,70-79,0,0,0,0,3,,Accept,,,,
327,facebook/swift,getThriftType,207,281,getThriftTypeUncached,221,305,96.31,3.69,88.32,11.68,90-100,0,0,0,0,3,,Accept,,,,
328,google/google-http-java-client,HttpExtensionMethod,35,40,HttpExtensionMethod,33,38,100,0,100,0,100,0,4,2,0,1,,Accept,,,,
329,google/google-http-java-client,HttpExtensionMethod,35,40,HttpExtensionMethod,33,38,100,0,100,0,100,0,4,2,0,1,,Accept,,,,
330,google/google-http-java-client,ApacheHttpRequest,34,47,ApacheHttpRequest,36,42,75.47,24.53,100,0,70-79,0,0,0,0,3,,Accept,,,,
331,google/google-http-java-client,newDefaultHttpClient,125,151,newDefaultHttpClientBuilder,161,174,60.38,39.62,98.28,1.72,60-69,0,0,0,3,3,Accept,Accept,,1,,
332,google/google-http-java-client,ApacheHttpRequest,34,47,ApacheHttpRequest,36,41,47.17,52.83,100,0,40-49,0,0,0,0,3,,Accept,,,,
333,jdmr/mateo,getId,160,164,getId,91,95,100,0,100,0,100,0,4,2,0,1,,Accept,,,,
334,jdmr/mateo,getId,54,58,getId,77,81,100,0,100,0,100,0,4,2,0,1,,Accept,,,,
335,jdmr/mateo,lista,44,98,lista,45,101,99.5,0.5,97.78,2.22,90-100,0,0,0,0,3,,Accept,,,,
336,jdmr/mateo,lista,41,108,lista,42,87,80.99,19.01,100,0,80-89,0,0,0,0,3,,Accept,,,,
337,jdmr/mateo,lista,63,133,lista,39,93,70.29,29.71,97.15,2.85,70-79,0,0,0,0,3,,Accept,,,,
338,jdmr/mateo,lista,36,115,lista,42,87,61.14,38.86,97.96,2.04,60-69,0,0,0,0,3,,Accept,,,,
339,jdmr/mateo,setNombre,55,59,setNombre,122,126,50,50,100,0,50-59,0,4,2,0,1,,Accept,,,,
340,logstash/logstash-logback-encoder,getLineSeparator,357,361,getLineSeparator,219,223,100,0,100,0,100,0,4,2,0,1,,Accept,,,,
341,logstash/logstash-logback-encoder,setLineSeparator,237,241,setLineSeparator,375,379,100,0,100,0,100,4,4,4,1,1,Accept,Accept,,1,,
342,logstash/logstash-logback-encoder,setFieldNames,65,72,setFieldNames,101,106,80,20,100,0,80-89,4,4,4,3,3,Accept,Accept,,1,,
343,logstash/logstash-logback-encoder,start,122,132,start,207,223,73.33,26.67,42.86,57.14,70-79,0,4,2,0,3,,Accept,,,,
344,logstash/logstash-logback-encoder,start,207,223,start,79,88,42.86,57.14,100,0,40-49,0,4,2,0,3,,Accept,,,,
345,logstash/logstash-logback-encoder,start,122,132,start,43,49,33.33,66.67,93.75,6.25,30-39,0,4,2,0,3,,Accept,,,,
346,logstash/logstash-logback-encoder,start,207,223,start,41,47,28.57,71.43,62.5,37.5,20-29,0,4,2,0,3,,Accept,,,,
347,logstash/logstash-logback-encoder,start,181,197,start,43,49,19.48,80.52,93.75,6.25,10-19,0,4,2,0,3,,Accept,,,,
348,openmrs/openmrs-module-registrationapp,getId,80,84,getId,48,52,100,0,100,0,100,0,4,2,0,1,,Accept,,,,
349,openmrs/openmrs-module-registrationapp,getId,84,88,getId,59,63,100,0,100,0,100,0,4,2,0,1,,Accept,,,,
350,openmrs/openmrs-module-registrationapp,post,63,125,post,79,206,99.44,0.56,43.92,56.08,90-100,0,0,0,0,3,,Accept,,,,
351,openmrs/openmrs-module-registrationapp,post,63,160,post,63,125,61.62,38.38,100,0,60-69,0,0,0,0,3,,Accept,,,,
352,openmrs/openmrs-module-registrationapp,post,79,206,post,63,125,43.92,56.08,99.44,0.56,40-49,0,0,0,0,3,,Accept,,,,
353,openmrs/openmrs-module-registrationapp,submit,106,281,post,68,140,30.94,69.06,88.62,11.38,30-39,0,0,0,0,3,,Accept,,,,
354,openmrs/openmrs-module-registrationapp,submit,99,240,post,54,105,25.26,74.74,95.11,4.89,20-29,0,0,0,0,3,,Accept,,,,
355,rcongiu/Hive-JSON-Serde,get,470,483,getNames,642,660,100,0,100,0,100,0,0,0,0,3,,Accept,,,,
356,rcongiu/Hive-JSON-Serde,get,470,483,getLong,601,614,100,0,100,0,100,0,0,0,2,3,Reject,Accept,,,,
357,jenkinsci/remoting,close,355,365,handleCloseRequest,434,448,100,0,81.25,18.75,100,0,4,2,0,3,,Accept,,,,
358,jenkinsci/remoting,close,355,365,handleCloseRequest,434,448,100,0,81.25,18.75,100,0,4,2,0,3,,Accept,,,,
359,jenkinsci/remoting,readResponseHeaders,88,100,readResponseHeaders,308,319,95.18,4.82,97.47,2.53,90-100,4,0,2,2,3,Accept,Accept,,0,,
360,jenkinsci/remoting,read,74,88,read,115,141,89.04,10.96,57.02,42.98,80-89,0,0,0,0,3,,Accept,,,,
361,jenkinsci/remoting,read,115,141,read,73,87,59.65,40.35,95.77,4.23,50-59,0,0,0,0,3,,Accept,,,,
362,mcMMO-Dev/mcMMO,getDatabaseType,1323,1327,getDatabaseType,1238,1242,100,0,100,0,100,0,4,2,0,1,,Accept,,,,
363,mcMMO-Dev/mcMMO,getDatabaseType,1323,1327,getDatabaseType,1238,1242,100,0,100,0,100,0,4,2,0,1,,Accept,,,,
364,mcMMO-Dev/mcMMO,readRank,486,501,readRank,383,397,90.28,9.72,95.71,4.29,90-100,0,0,0,0,2,,Accept,,,,
365,mcMMO-Dev/mcMMO,saveUser,328,423,saveUser,252,320,81.82,18.18,96.83,3.17,80-89,0,0,0,0,3,,Accept,,,,
366,omnirom/android_frameworks_opt_telephony,hexStringToBytes,285,304,hexStringToBytes,285,304,100,0,100,0,100,4,4,4,1,1,Accept,Accept,,1,,
367,omnirom/android_frameworks_opt_telephony,hexStringToBytes,285,304,hexStringToBytes,285,304,100,0,100,0,100,4,4,4,1,1,Accept,Accept,,1,,
368,omnirom/android_frameworks_opt_telephony,toString,156,183,toString,214,232,42.33,57.67,82.73,17.27,40-49,0,0,0,0,3,,Accept,,,,
369,omnirom/android_frameworks_opt_telephony,toString,156,183,toString,155,166,37.67,62.33,100,0,30-39,0,0,0,0,3,,Accept,,,,
370,octo-technology/sonar-objective-c,OCLintSensor,43,48,shouldExecuteOnProject,62,66,100,0,100,0,100,0,0,0,0,3,,Accept,,,,
371,octo-technology/sonar-objective-c,OCLintSensor,43,48,LizardSensor,52,57,100,0,100,0,100,4,0,2,2,2,Accept,Accept,,0,,
372,OpenHFT/Java-Lang,bytes,184,189,bytes,99,104,93.33,6.67,100,0,90-100,0,4,2,0,2,,Accept,,,,
373,mpetazzoni/ttorrent,create,220,287,create,606,675,83.21,16.79,84.05,15.95,80-89,0,0,0,0,3,,Accept,,,,
374,mpetazzoni/ttorrent,HTTPAnnounceResponseMessage,65,76,HTTPAnnounceResponseMessage,51,60,71.88,28.13,96.36,3.64,70-79,0,0,0,0,3,,Accept,,,,
375,olivergierke/spring-restbucks,createExistingOrder,31,38,createExistingOrder,28,35,100,0,100,0,100,0,4,2,0,1,,Accept,,,,
376,olivergierke/spring-restbucks,createExistingOrder,28,35,createExistingOrder,31,38,100,0,100,0,100,0,4,2,0,1,,Accept,,,,
377,jenkinsci/jacoco-plugin,setClassDir,79,82,setClassDir,82,85,100,0,100,0,100,0,4,2,0,1,,Accept,,,,
378,jenkinsci/jacoco-plugin,getGraph,464,469,setBounds,706,716,100,0,100,0,100,0,0,0,0,3,,Accept,,,,
379,jenkinsci/jacoco-plugin,perform,528,649,perform,573,696,99.88,0.12,97.34,2.66,90-100,0,4,2,0,3,,Accept,,,,
380,jenkinsci/jacoco-plugin,checkBuildOverBuildResult,769,795,checkBuildOverBuildResult,750,773,75.34,24.66,94.38,5.62,70-79,0,0,0,0,3,,Accept,,,,
381,jenkinsci/jacoco-plugin,JacocoIntegrityTrendTransitionPublisher,112,144,JacocoPublisher,93,115,65.35,34.65,100,0,60-69,0,0,0,0,3,,Accept,,,,
382,juleswhite/mobilecloud-14,getName,51,55,getName,53,57,100,0,100,0,100,0,4,2,0,1,,Accept,,,,
383,juleswhite/mobilecloud-14,getName,51,55,getName,26,30,100,0,100,0,100,0,4,2,0,1,,Accept,,,,
384,wg/lettuce,setTimeout,49,55,setTimeout,66,71,97.06,2.94,100,0,90-100,0,4,2,0,3,,Accept,,,,
385,cyclestreets/android,getJourneyXml,127,136,getJourneyJson,128,137,100,0,91.94,8.06,100,0,0,0,0,3,,Accept,,,,
386,cyclestreets/android,getJourneyXml,127,136,getJourneyJson,128,137,100,0,91.94,8.06,100,0,0,0,0,3,,Accept,,,,
387,cyclestreets/android,getJourneyJson,128,137,getJourneyXml,127,136,91.94,8.06,100,0,90-100,0,0,0,0,3,,Accept,,,,
388,mendhak/gpslogger,Kml22AnnotateHandler,71,78,Kml22AnnotateHandler,73,80,100,0,100,0,100,0,4,2,0,1,,Accept,,,,
389,mendhak/gpslogger,Gpx10WriteHandler,183,191,Gpx10WriteHandler,186,195,100,0,82.46,17.54,100,0,0,0,0,3,,Accept,,,,
390,mendhak/gpslogger,getDescriptiveDurationString,20,84,GetDescriptiveTimeString,367,428,95.79,4.21,98.51,1.49,90-100,0,0,0,0,3,,Accept,,,,
391,mendhak/gpslogger,Gpx10WriteHandler,186,195,Gpx10WriteHandler,183,191,82.46,17.54,100,0,80-89,0,0,0,0,3,,Accept,,,,
392,mendhak/gpslogger,Gpx10WriteHandler,183,191,Kml22AnnotateHandler,73,80,68.09,31.91,81.08,18.92,60-69,0,0,0,0,3,,Accept,,,,
393,basho/riak-java-client,BasicVClock,32,39,BasicVClock,36,43,100,0,81.82,18.18,100,0,0,0,0,3,,Accept,,,,
394,basho/riak-java-client,utf8StringToBytes,213,217,utf8StringToBytes,228,232,100,0,100,0,100,0,4,2,0,1,,Accept,,,,
395,basho/riak-java-client,BasicVClock,36,43,BasicVClock,32,39,81.82,18.18,100,0,80-89,0,0,0,0,3,,Accept,,,,
396,basho/riak-java-client,getKey,65,75,getKey,64,72,79.49,20.51,100,0,70-79,0,0,0,0,2,,Accept,,,,
397,basho/riak-java-client,setLastModified,200,206,getContentType,585,589,61.11,38.89,75,25,60-69,0,0,0,0,3,,Accept,,,,
398,basho/riak-java-client,hasRw,131,136,hasRw,152,156,40,60,100,0,40-49,0,4,2,0,1,,Accept,,,,
399,lenskit/lenskit,build,108,130,buildRecommenderGraph,157,181,100,0,65.12,34.88,100,0,0,0,0,3,,Accept,,,,
400,lenskit/lenskit,getColumns,56,60,getColumns,56,60,100,0,100,0,100,0,4,2,0,1,,Accept,,,,
401,lenskit/lenskit,open,130,153,open,116,139,97.09,2.91,100,0,90-100,0,0,0,0,3,,Accept,,,,
402,lenskit/lenskit,equals,162,171,equals,178,197,80,20,29.36,70.64,80-89,0,0,0,0,3,,Accept,,,,
403,lenskit/lenskit,lookupEntity,96,107,tryGetInstance,81,99,77.27,22.73,85.34,14.66,70-79,0,0,0,0,3,,Accept,,,,
404,lenskit/lenskit,lookupEntity,86,97,tryGetInstance,72,90,61.36,38.64,68.97,31.03,60-69,0,0,0,0,3,,Accept,,,,
405,lenskit/lenskit,lookupEntity,97,108,tryGetInstance,99,105,56.36,43.64,71.43,28.57,50-59,0,0,0,0,3,,Accept,,,,
406,lenskit/lenskit,equals,118,133,equals,162,171,48.39,51.61,75,25,40-49,0,0,0,0,3,,Accept,,,,
407,lenskit/lenskit,equals,689,712,equals,95,106,39.56,60.44,75,25,30-39,0,0,0,0,3,,Accept,,,,
408,lenskit/lenskit,equals,673,696,matches,36,45,27.47,72.53,86.21,13.79,20-29,0,0,0,0,3,,Accept,,,,
409,yahoo/omid,getStartTimestamp,132,136,getStartTimestamp,42,46,85.71,14.29,100,0,80-89,0,4,2,0,2,,Accept,,,,
410,yahoo/omid,delete,174,255,delete,134,180,70.05,29.95,98.67,1.33,70-79,0,0,0,0,3,,Accept,,,,
411,openshift/openshift-java-client,LatestVersionQuery,38,43,getNameConstraint,43,47,100,0,100,0,100,0,0,0,0,3,,Accept,,,,
412,openshift/openshift-java-client,LatestVersionOfName,38,43,getNameConstraint,43,47,100,0,100,0,100,0,0,0,0,3,,Accept,,,,
413,openshift/openshift-java-client,getAll,29,46,getMatching,32,48,93.94,6.06,100,0,90-100,0,0,0,0,2,,Accept,,,,
414,openshift/openshift-java-client,getForwardablePorts,185,193,getForwardablePorts,557,564,89.66,10.34,100,0,80-89,0,4,2,0,3,,Accept,,,,
415,openshift/openshift-java-client,equals,156,173,equals,41,58,79.52,20.48,92.96,7.04,70-79,0,0,0,0,3,,Accept,,,,
416,openshift/openshift-java-client,GearProfile,23,29,getName,30,34,68.18,31.82,100,0,60-69,0,0,0,0,3,,Accept,,,,
417,Raxa/raxacore,setProvider,128,132,setProvider,169,173,100,0,100,0,100,0,4,2,0,1,,Accept,,,,
418,Raxa/raxacore,setQuantity,112,116,setQuantity,100,104,100,0,100,0,100,0,4,2,0,1,,Accept,,,,
419,Raxa/raxacore,retireDrugGroup,282,299,retirePatientList,418,435,97.22,2.78,100,0,90-100,0,4,2,0,3,,Accept,,,,
420,jenkinsci/artifactory-plugin,getUrl,55,59,getUrl,201,205,100,0,100,0,100,0,4,2,0,1,,Accept,,,,
421,jenkinsci/artifactory-plugin,getUrl,55,59,getUrl,201,205,100,0,100,0,100,0,4,2,0,1,,Accept,,,,
422,tinkerpop/frames,getWeight,20,23,getWeight,10,13,100,0,100,0,100,0,4,2,0,1,,Accept,,,,
423,tinkerpop/frames,getWeight,20,23,getWeight,10,13,100,0,100,0,100,4,4,4,1,1,Accept,Accept,,1,,
424,datastax/java-driver,withNettyOptions,1238,1243,getConfiguration,1337,1358,100,0,98.33,1.67,100,0,0,0,0,3,,Accept,,,,
425,datastax/java-driver,getAddress,68,73,getAddress,60,65,100,0,100,0,100,0,4,2,0,1,,Accept,,,,
426,datastax/java-driver,parseOne,82,149,parseOne,72,127,92.7,7.3,99.74,0.26,90-100,0,0,0,0,3,,Accept,,,,
427,datastax/java-driver,hashCode,196,201,hashCode,50,55,80,20,100,0,80-89,0,0,0,0,3,,Accept,,,,
428,datastax/java-driver,withNettyOptions,1258,1263,getConfiguration,1337,1358,78.95,21.05,20,80,70-79,0,0,0,0,3,,Accept,,,,
429,datastax/java-driver,hashCode,196,201,hashCode,201,206,60,40,100,0,60-69,0,0,0,0,3,,Accept,,,,
430,datastax/java-driver,newQueryPlan,222,259,newQueryPlan,50,56,16.76,83.24,93.55,6.45,10-19,0,0,0,0,3,,Accept,,,,
431,scribejava/scribejava,checkBoundarySyntax,22,29,checkBoundarySyntax,78,85,100,0,100,0,100,0,4,2,0,2,,Accept,,,,
432,scribejava/scribejava,checkBoundarySyntax,22,29,checkBoundarySyntax,78,85,100,0,100,0,100,0,4,2,0,2,,Accept,,,,
433,LiveRamp/jack,fetch,186,222,fetchAsStream,214,241,100,0,96.77,3.23,100,0,0,0,0,3,,Accept,,,,
434,LiveRamp/jack,fetch,186,222,fetchAsStream,214,241,100,0,96.77,3.23,100,0,0,0,0,3,,Accept,,,,
435,boncey/Flickr4Java,getBrands,59,83,getInfo,52,75,100,0,93.88,6.12,100,0,0,0,0,3,,Accept,,,,
436,boncey/Flickr4Java,getBrands,59,83,getInfo,52,75,100,0,93.88,6.12,100,0,0,0,0,3,,Accept,,,,
437,boncey/Flickr4Java,getBrands,59,83,getList,54,75,88.59,11.41,97.66,2.34,80-89,0,0,0,0,3,,Accept,,,,
438,jbake-org/jbake,render,15,29,render,15,30,100,0,100,0,100,0,0,0,0,3,,Accept,,,,
439,jbake-org/jbake,render,15,29,render,15,30,100,0,100,0,100,0,0,0,0,3,,Accept,,,,
440,jbake-org/jbake,render,15,29,render,14,32,92.59,7.41,72.94,27.06,90-100,0,0,0,0,3,,Accept,,,,
441,jbake-org/jbake,getDocumentTypes,266,281,updateDocTypesFromConfiguration,187,202,83.95,16.05,86.08,13.92,80-89,0,0,0,0,3,,Accept,,,,
442,jcabi/jcabi-github,sha,54,56,sha,70,73,100,0,100,0,100,0,4,2,0,1,,Accept,,,,
443,jcabi/jcabi-github,sha,54,56,sha,70,73,100,0,100,0,100,0,4,2,0,1,,Accept,,,,
444,jcabi/jcabi-github,MkRepos,77,86,MkCollaborators,73,88,83.05,16.95,72.86,27.14,80-89,0,0,0,0,3,,Accept,,,,
445,jcabi/jcabi-github,MkCommitsComparison,74,84,MkRepo,92,99,72.22,27.78,100,0,70-79,0,0,0,0,2,,Accept,,,,
446,fusesource/jansi,a,571,576,a,248,253,100,0,100,0,100,0,0,0,0,3,,Accept,,,,
447,fusesource/jansi,a,571,576,a,248,253,100,0,100,0,100,4,0,2,1,3,Accept,Accept,,0,,
448,fusesource/jansi,write,145,284,write,83,222,98.76,1.24,91.87,8.13,90-100,0,4,2,0,3,,Accept,,,,
449,rackerlabs/blueflood,getUri,75,80,getUri,56,61,100,0,100,0,100,0,4,2,0,1,,Accept,,,,
450,rackerlabs/blueflood,getSampleCount,61,63,getSampleCount,45,47,100,0,100,0,100,0,4,2,0,1,,Accept,,,,
451,rackerlabs/blueflood,scheduleEligibleSlots,234,271,scheduleSlotsOlderThan,137,171,95.27,4.73,100,0,90-100,0,0,0,3,3,Accept,Accept,,1,,
452,rackerlabs/blueflood,scheduleEligibleSlots,234,271,scheduleSlotsOlderThan,115,148,86.98,13.02,98.66,1.34,80-89,0,0,0,0,3,,Accept,,,,
453,rackerlabs/blueflood,initialize,74,88,LocatorFetchRunnable,50,58,76.32,23.68,100,0,70-79,0,0,0,0,3,,Accept,,,,
454,rackerlabs/blueflood,insertMetrics,215,271,insertMetrics,205,247,69.58,30.42,83.56,16.44,60-69,0,0,0,3,3,Accept,Accept,,1,,
455,rackerlabs/blueflood,handle,69,144,handle,63,104,56.82,43.18,90.91,9.09,50-59,0,0,0,0,3,,Accept,,,,
456,rackerlabs/blueflood,handle,70,176,handle,63,104,48.44,51.56,90.55,9.45,40-49,0,0,0,0,3,,Accept,,,,
457,rackerlabs/blueflood,handle,133,247,handle,63,104,39.68,60.32,79.27,20.73,30-39,0,0,0,0,3,,Accept,,,,
458,wwadge/bonecp,closeStatement,144,156,close,130,144,89.23,10.77,100,0,80-89,0,4,2,0,3,,Accept,,,,
459,wwadge/bonecp,obtainInternalConnection,251,319,obtainInternalConnection,341,398,79.75,20.25,74.44,25.56,70-79,0,0,0,0,3,,Accept,,,,
460,VerbalExpressions/JavaVerbalExpressions,testExact,250,258,testExact,670,678,100,0,100,0,100,0,4,2,0,1,,Accept,,,,
461,VerbalExpressions/JavaVerbalExpressions,startOfLine,119,123,startOfLine,45,50,100,0,38.1,61.9,100,0,0,0,0,3,,Accept,,,,
462,VerbalExpressions/JavaVerbalExpressions,getText,711,720,getText,270,279,80.7,19.3,100,0,80-89,0,0,0,0,3,,Accept,,,,
463,jenkinsci/github-plugin,getState,42,46,getState,189,193,100,0,100,0,100,0,4,2,0,1,,Accept,,,,
464,jenkinsci/github-plugin,getState,42,46,getState,189,193,100,0,100,0,100,0,4,2,0,1,,Accept,,,,
465,WhisperSystems/TextSecure-Server,setMessagingServicesId,96,101,setMessagingServiceSid,84,89,100,0,0,100,100,0,4,2,0,2,,Accept,,,,
466,WhisperSystems/TextSecure-Server,setMessagingServicesId,96,101,getLocalDomain,71,75,100,0,100,0,100,0,0,0,0,3,,Accept,,,,
467,WhisperSystems/TextSecure-Server,toByteBuffer,17,24,toBytes,13,20,92.31,7.69,100,0,90-100,0,0,0,0,3,,Accept,,,,
468,mobilesystems/box-java-sdk-v2,getApiUrlPath,19,21,getApiUrlPath,19,21,100,0,100,0,100,0,4,2,0,1,,Accept,,,,
469,mobilesystems/box-java-sdk-v2,getApiUrlPath,19,21,getApiUrlPath,19,21,100,0,100,0,100,0,4,2,0,1,,Accept,,,,
470,JavaMoney/jsr354-ri,print,283,289,print,71,78,100,0,100,0,100,0,4,2,0,3,,Accept,,,,
471,JavaMoney/jsr354-ri,print,260,266,print,71,78,100,0,100,0,100,4,4,4,1,3,Accept,Accept,,1,,
472,JavaMoney/jsr354-ri,print,69,77,print,260,266,96.97,3.03,100,0,90-100,0,4,2,0,3,,Accept,,,,
473,JavaMoney/jsr354-ri,print,260,266,print,78,84,88.46,11.54,92,8,80-89,0,4,2,0,3,,Accept,,,,
474,JavaMoney/jsr354-ri,print,283,289,print,46,54,76.92,23.08,65.79,34.21,70-79,0,4,2,0,3,,Accept,,,,
475,JavaMoney/jsr354-ri,AmountNumberToken,51,59,AmountNumberToken,47,56,65.12,34.88,73.68,26.32,60-69,0,0,0,0,3,,Accept,,,,
476,JavaMoney/jsr354-ri,parse,177,259,parse,173,231,58.31,41.69,99.25,0.75,50-59,0,4,2,0,3,,Accept,,,,
477,JavaMoney/jsr354-ri,parse,177,259,parse,168,219,45.9,54.1,92.41,7.59,40-49,0,4,2,0,3,,Accept,,,,
478,JavaMoney/jsr354-ri,parse,141,177,parse,77,89,25.11,74.89,76.19,23.81,20-29,0,0,0,3,3,Accept,Accept,,1,,
479,JavaMoney/jsr354-ri,parse,167,204,parse,54,61,15.74,84.26,96.55,3.45,10-19,0,0,0,0,3,,Accept,,,,
480,msgpack/msgpack-java,lookup,173,231,lookupSuperclassInterfaceTypes,524,548,100,0,80.47,19.53,100,0,0,0,0,3,,Accept,,,,
481,msgpack/msgpack-java,lookup,173,231,lookupAfterBuilding,462,477,100,0,100,0,100,0,0,0,0,3,,Accept,,,,
482,msgpack/msgpack-java,getInt,43,45,getInt,75,77,60,40,100,0,60-69,0,4,2,0,2,,Accept,,,,
483,klout/brickhouse,getEvaluator,48,60,getEvaluator,52,67,100,0,66,34,100,0,0,0,0,3,,Accept,,,,
484,klout/brickhouse,getEvaluator,48,60,getEvaluator,47,66,100,0,57.89,42.11,100,0,0,0,0,3,,Accept,,,,
485,klout/brickhouse,getEvaluator,48,60,getEvaluator,85,105,96.97,3.03,33.02,66.98,90-100,0,0,0,0,3,,Accept,,,,
486,klout/brickhouse,getEvaluator,48,60,getEvaluator,64,98,87.88,12.12,17.37,82.63,80-89,0,0,0,0,3,,Accept,,,,
487,klout/brickhouse,getEvaluator,48,60,getEvaluator,65,76,75.76,24.24,31.25,68.75,70-79,0,0,0,0,3,,Accept,,,,
488,klout/brickhouse,getEvaluator,48,60,getEvaluator,55,62,54.55,45.45,100,0,50-59,0,0,0,0,3,,Accept,,,,
489,klout/brickhouse,evaluate,53,74,evaluate,45,56,48.89,51.11,83.02,16.98,40-49,0,0,0,0,3,,Accept,,,,
490,jenkinsci/testng-plugin-plugin,getPackageMap,128,132,getPackageMap,122,126,100,0,100,0,100,0,4,2,0,1,,Accept,,,,
491,jenkinsci/testng-plugin-plugin,Publisher,41,50,Publisher,49,58,100,0,100,0,100,0,4,2,0,1,,Accept,,,,
492,jenkinsci/testng-plugin-plugin,Publisher,48,58,TestNGTestResultBuildAction,59,71,92.98,7.02,70.97,29.03,90-100,0,0,0,0,3,,Accept,,,,
493,jenkinsci/testng-plugin-plugin,perform,75,135,postExecute,41,112,82.26,17.74,45.7,54.3,80-89,0,0,0,0,3,,Accept,,,,
494,jenkinsci/testng-plugin-plugin,formatTime,24,43,formatTimeInMilliSeconds,19,48,66.67,33.33,39.18,60.82,60-69,0,0,0,0,3,,Accept,,,,
495,jenkinsci/testng-plugin-plugin,populateDataSetBuilder,195,225,populateDataSetBuilder,209,233,58.2,41.8,75.18,24.82,50-59,0,4,2,0,3,,Accept,,,,
496,hcoles/pitest,type,56,61,type,41,46,100,0,100,0,100,0,4,2,0,1,,Accept,,,,
497,hcoles/pitest,type,179,184,type,103,108,100,0,100,0,100,0,4,2,0,1,,Accept,,,,
498,hcoles/pitest,assertFiltersNMutationFromSample,102,115,assertLeavesNMutants,46,64,84.48,15.52,100,0,80-89,0,4,2,0,3,,Accept,,,,
499,hcoles/pitest,intercept,64,81,intercept,48,61,70.13,29.87,52.94,47.06,70-79,0,0,0,0,3,,Accept,,,,
500,hcoles/pitest,intercept,64,81,intercept,189,195,64.94,35.06,86.11,13.89,60-69,0,0,0,0,3,,Accept,,,,
501,hcoles/pitest,intercept,64,81,intercept,21,27,40.26,59.74,80.56,19.44,40-49,0,0,0,0,3,,Accept,,,,
502,4thline/cling,getStep,64,68,getStep,67,71,100,0,100,0,100,0,4,2,0,1,,Accept,,,,
503,4thline/cling,MockUpnpService,58,62,MockUpnpService,55,59,100,0,100,0,100,0,4,2,0,1,,Accept,,,,
504,4thline/cling,setString,35,47,setString,34,48,98.08,1.92,100,0,90-100,0,4,2,0,2,,Accept,,,,
505,4thline/cling,getConnectionStatus,128,132,getConnectionStatus,129,133,88.89,11.11,88.89,11.11,80-89,0,4,2,0,1,,Accept,,,,
506,4thline/cling,setString,47,96,setString,44,72,79.67,20.33,97.97,2.03,70-79,0,4,2,0,3,,Accept,,,,
507,4thline/cling,valueOf,80,139,valueOf,81,121,48.66,51.34,96.3,3.7,40-49,0,0,0,0,3,,Accept,,,,
508,4thline/cling,valueOf,77,127,valueOf,76,102,36.84,63.16,97.22,2.78,30-39,0,0,0,0,3,,Accept,,,,
509,libgdx/ashley,get,150,161,getFor,106,117,100,0,88.24,11.76,100,0,0,0,0,2,,Accept,,,,
510,libgdx/ashley,get,150,161,getFor,106,117,100,0,88.24,11.76,100,0,0,0,0,2,,Accept,,,,
511,libgdx/ashley,processPendingOperations,81,103,processPendingEntityOperations,401,423,98.8,1.2,89.74,10.26,90-100,0,4,2,0,3,,Accept,,,,
512,junkdog/artemis-odb,get,106,110,grow,200,206,100,0,100,0,100,0,0,0,0,3,,Accept,,,,
513,junkdog/artemis-odb,get,106,110,grow,200,206,100,0,100,0,100,0,0,0,0,3,,Accept,,,,
514,ligi/FAST,getPackageName,126,130,getActivityName,130,134,100,0,0,100,100,0,4,2,0,2,,Accept,,,,
515,ligi/FAST,getPackageName,126,130,getActivityName,130,134,100,0,0,100,100,0,4,2,0,2,,Accept,,,,
516,ligi/FAST,load,26,56,load,26,59,90.99,9.01,87.83,12.17,90-100,0,0,0,0,3,,Accept,,,,
517,reark/reark,equals,68,80,equals,47,58,100,0,77.5,22.5,100,0,0,0,0,3,,Accept,,,,
518,reark/reark,equals,68,80,equals,47,58,100,0,77.5,22.5,100,0,0,0,0,3,,Accept,,,,
519,reark/reark,put,101,109,getStream,110,117,86.96,13.04,89.66,10.34,80-89,0,0,0,0,3,,Accept,,,,
520,pentaho/modeler,validate,181,189,validate,252,305,100,0,29.6,70.4,100,0,4,2,0,3,,Accept,,,,
521,pentaho/modeler,validate,181,189,validate,279,308,100,0,56.92,43.08,100,0,4,2,0,3,,Accept,,,,
522,pentaho/modeler,apply,168,194,apply,189,252,99.26,0.74,47.06,52.94,90-100,0,4,2,0,3,,Accept,,,,
523,pentaho/modeler,apply,158,181,updateMeasure,259,306,82.11,17.89,47,53,80-89,0,0,0,0,3,,Accept,,,,
524,pentaho/modeler,validate,279,308,validate,181,189,56.92,43.08,100,0,50-59,0,4,2,0,3,,Accept,,,,
525,pentaho/modeler,apply,189,252,apply,168,194,47.06,52.94,99.26,0.74,40-49,0,4,2,0,3,,Accept,,,,
526,pentaho/modeler,apply,216,279,apply,158,181,27.9,72.1,84.21,15.79,20-29,0,0,0,0,3,,Accept,,,,
527,pentaho/modeler,validate,194,223,validate,47,52,12.31,87.69,75,25,10-19,0,4,2,0,3,,Accept,,,,
528,DozerMapper/dozer,getBar,37,41,getBar,33,37,100,0,100,0,100,0,4,2,0,1,,Accept,,,,
529,DozerMapper/dozer,DefaultClassLoader,27,32,DefaultClassLoader,33,38,100,0,100,0,100,0,4,2,0,1,,Accept,,,,
530,DozerMapper/dozer,put,55,63,put,61,71,92.86,7.14,96.3,3.7,90-100,4,4,4,2,2,Accept,Accept,,1,,
531,DozerMapper/dozer,getBuilder,52,65,getBuilder,45,58,81.94,18.06,92.19,7.81,80-89,0,0,0,0,3,,Accept,,,,
532,DozerMapper/dozer,DozerCache,42,51,DefaultCache,41,50,78.85,21.15,100,0,70-79,0,0,0,0,3,,Accept,,,,
533,DozerMapper/dozer,build,543,606,build,462,512,66.34,33.66,89.19,10.81,60-69,0,0,0,3,3,Accept,Accept,,1,,
534,Countly/countly-sdk-android,recordEvent,280,284,recordEvent,783,787,100,0,100,0,100,4,4,4,1,1,Accept,Accept,,1,,
535,Countly/countly-sdk-android,recordEvent,291,295,recordEvent,783,787,100,0,100,0,100,0,0,0,0,3,,Accept,,,,
536,Countly/countly-sdk-android,currentTimestampSeconds,54,58,currentTimeMillis,1623,1627,94.44,5.56,100,0,90-100,0,0,0,0,3,,Accept,,,,
537,jenkinsci/warnings-plugin,getNamedChildElements,16,30,getNamedChildElements,16,30,100,0,100,0,100,0,4,2,0,1,,Accept,,,,
538,jenkinsci/warnings-plugin,DynamicParser,29,35,DynamicDocumentParser,29,35,100,0,98.11,1.89,100,0,0,0,0,3,,Accept,,,,
539,Netflix/servo,getTags,179,183,getTags,129,133,100,0,100,0,100,0,0,0,0,3,,Accept,,,,
540,Netflix/servo,getName,172,176,getName,122,126,100,0,100,0,100,4,4,4,1,1,Accept,Accept,,1,,
541,Netflix/servo,getValue,67,74,getValue,72,79,90.57,9.43,100,0,90-100,0,0,0,0,3,,Accept,,,,
542,kairosdb/kairosdb-client,getRangeSize,53,58,getRangeSize,55,60,100,0,100,0,100,0,4,2,0,1,,Accept,,,,
543,kairosdb/kairosdb-client,fromJson,38,43,fromJson,47,51,100,0,96,4,100,0,4,2,0,1,,Accept,,,,
544,kairosdb/kairosdb-client,fromJson,47,51,fromJson,38,43,96,4,100,0,90-100,0,4,2,0,1,,Accept,,,,
545,samskivert/jmustache,execute,43,50,execute,69,75,100,0,0,100,100,4,4,4,1,1,Accept,Accept,,1,,
546,samskivert/jmustache,execute,43,50,execute,69,75,100,0,0,100,100,0,4,2,0,1,,Accept,,,,
547,druid-io/druid-api,MapInputRowParser,37,45,StringInputRowParser,44,54,100,0,70,30,100,0,0,0,0,3,,Accept,,,,
548,druid-io/druid-api,MapInputRowParser,37,45,StringInputRowParser,44,54,100,0,70,30,100,0,0,0,0,3,,Accept,,,,
549,druid-io/druid-api,StringInputRowParser,44,54,MapInputRowParser,37,45,70,30,100,0,70-79,0,0,0,3,3,Accept,Accept,,1,,
550,Netflix/astyanax,MockCompositeType,123,132,MockCompositeType,21,25,100,0,100,0,100,0,0,0,0,3,,Accept,,,,
551,Netflix/astyanax,MockCompositeType,123,132,MockCompositeType,21,25,100,0,100,0,100,0,0,0,0,3,,Accept,,,,
552,lviggiano/owner,SystemProviderForTest,24,29,SystemProviderForTest,24,29,100,0,100,0,100,0,4,2,0,1,,Accept,,,,
553,lviggiano/owner,SystemProviderForTest,24,29,SystemProviderForTest,24,29,100,0,100,0,100,4,4,4,1,1,Accept,Accept,,1,,
554,emilsjolander/sprinkles,ModelList,24,28,ModelList,22,26,100,0,100,0,100,0,4,2,0,1,,Accept,,,,
555,emilsjolander/sprinkles,save,77,87,delete,328,338,100,0,62.79,37.21,100,0,0,0,0,3,,Accept,,,,
556,emilsjolander/sprinkles,getContentValues,68,89,getContentValues,129,186,99.02,0.98,36.77,63.23,90-100,0,0,0,3,3,Accept,Accept,,1,,
557,iron-io/iron_mq_java,getName,25,29,getName,40,44,100,0,100,0,100,4,4,4,1,1,Accept,Accept,,1,,
558,iron-io/iron_mq_java,getSubscribers,28,32,getSubscribers,104,108,100,0,100,0,100,0,4,2,0,1,,Accept,,,,
559,iron-io/iron_mq_java,reserve,118,131,peek,104,116,81.52,18.48,100,0,80-89,0,0,0,0,3,,Accept,,,,
560,ronmamo/reflections,test,101,119,test,62,76,100,0,87.5,12.5,100,0,0,0,0,3,,Accept,,,,
561,ronmamo/reflections,fromURL,97,101,fromURL,114,118,100,0,100,0,100,0,4,2,0,1,,Accept,,,,
562,ronmamo/reflections,test,62,76,test,101,119,87.5,12.5,100,0,80-89,0,0,0,0,3,,Accept,,,,
563,ronmamo/reflections,getClassLoaders,306,310,getClassLoaders,319,323,75,25,100,0,70-79,0,0,0,0,2,,Accept,,,,
564,Progether/JAdventure,setXPGain,91,95,setXPGain,26,30,100,0,100,0,100,0,4,2,0,1,,Accept,,,,
565,Progether/JAdventure,getXPGain,94,98,getXPGain,22,26,100,0,100,0,100,0,4,2,0,1,,Accept,,,,
566,sachin-handiekar/jInstagram,getUserRecentMedia,242,264,getUserRecentMedia,126,149,100,0,99.22,0.78,100,4,4,4,1,1,Accept,Accept,,1,,
567,sachin-handiekar/jInstagram,getUserRecentMedia,242,264,getUserRecentMedia,126,149,100,0,99.22,0.78,100,0,4,2,0,1,,Accept,,,,
568,ippontech/tatami,setTag,99,103,setTag,24,28,100,0,100,0,100,4,4,4,1,1,Accept,Accept,,1,,
569,ippontech/tatami,getFriendsCount,227,231,getFriendsCount,102,106,100,0,100,0,100,0,4,2,0,1,,Accept,,,,
570,reficio/p2-maven-plugin,execute,59,64,execute,48,53,100,0,100,0,100,0,0,0,0,2,,Accept,,,,
571,reficio/p2-maven-plugin,execute,48,53,execute,58,63,100,0,100,0,100,0,0,0,0,2,,Accept,,,,
572,AdamBien/lightfish,collect,40,84,collect,40,84,100,0,98.8,1.2,100,0,0,0,0,3,,Accept,,,,
573,AdamBien/lightfish,collect,40,84,collect,40,84,100,0,98.8,1.2,100,0,0,0,0,3,,Accept,,,,
574,AdamBien/lightfish,collect,40,84,apply,35,81,97.56,2.44,87.91,12.09,90-100,0,0,0,0,3,,Accept,,,,
575,AdamBien/lightfish,retrieveSessionToken,48,67,retrieveSessionToken,43,58,68.42,31.58,85.71,14.29,60-69,0,4,2,0,3,,Accept,,,,
576,Jasig/CalendarPortlet,getEventList,86,221,getPeriod,289,310,87.29,12.71,33.79,66.21,80-89,0,0,0,0,3,,Accept,,,,
577,HdrHistogram/HdrHistogram,decodeFromCompressedByteBuffer,250,256,decodeFromCompressedByteBuffer,266,272,100,0,93.1,6.9,100,0,0,0,0,2,,Accept,,,,
578,HdrHistogram/HdrHistogram,decodeFromCompressedByteBuffer,250,256,decodeFromCompressedByteBuffer,266,272,100,0,93.1,6.9,100,0,0,0,0,2,,Accept,,,,
579,HdrHistogram/HdrHistogram,copy,101,108,copy,52,59,96.15,3.85,92.59,7.41,90-100,0,0,0,0,3,,Accept,,,,
580,tomighty/tomighty,seconds,31,35,seconds,31,35,100,0,100,0,100,0,4,2,0,1,,Accept,,,,
581,tomighty/tomighty,seconds,31,35,seconds,31,35,100,0,100,0,100,0,4,2,0,1,,Accept,,,,
582,wurstmeister/storm-kafka-0.8-plus,fromString,59,73,fromString,36,50,100,0,100,0,100,0,0,0,0,2,,Accept,,,,
583,wurstmeister/storm-kafka-0.8-plus,fromString,41,55,fromString,36,50,100,0,100,0,100,0,0,0,0,2,,Accept,,,,
584,addthis/stream-lib,offer,333,339,offer,110,116,100,0,96.3,3.7,100,0,4,2,0,2,,Accept,,,,
585,addthis/stream-lib,offer,333,339,offer,110,116,100,0,96.3,3.7,100,0,4,2,0,2,,Accept,,,,
586,addthis/stream-lib,offer,110,116,offer,333,339,96.3,3.7,100,0,90-100,0,4,2,0,2,,Accept,,,,
587,addthis/stream-lib,cardinality,116,128,cardinality,165,188,61.97,38.03,39.29,60.71,60-69,0,0,0,0,3,,Accept,,,,
588,uudashr/jsmpp,getId,219,223,getId,161,165,100,0,100,0,100,0,4,2,0,1,,Accept,,,,
589,uudashr/jsmpp,getValueAsString,281,290,getValueAsString,242,246,100,0,100,0,100,0,0,0,0,3,,Accept,,,,
590,paymill/paymill-java,setUnit,37,41,setUnit,118,122,100,0,25,75,100,0,4,2,0,1,,Accept,,,,
591,paymill/paymill-java,getAmount,71,75,getAmount,62,66,100,0,100,0,100,0,4,2,0,1,,Accept,,,,
592,paymill/paymill-java,setPayment,72,76,setPayment,60,64,94.12,5.88,100,0,90-100,0,4,2,0,2,,Accept,,,,
593,paymill/paymill-java,setAmount,90,94,setAmount,75,79,70.59,29.41,100,0,70-79,0,4,2,0,2,,Accept,,,,
594,rcarz/jira-client,getName,65,69,getName,245,249,100,0,100,0,100,0,4,2,0,1,,Accept,,,,
595,rcarz/jira-client,getName,65,69,getName,245,249,100,0,100,0,100,4,4,4,1,1,Accept,Accept,,1,,
596,apache/maven-surefire,getMessage,51,63,getMessage,46,58,100,0,100,0,100,0,4,2,0,1,,Accept,,,,
597,apache/maven-surefire,getCommandType,64,69,getCommandType,65,70,100,0,100,0,100,0,4,2,0,1,,Accept,,,,
598,apache/maven-surefire,ResolvedTest,83,106,ResolvedTest,69,91,95.37,4.63,100,0,90-100,4,4,4,3,3,Accept,Accept,,1,,
599,apache/maven-surefire,init,54,63,init,53,59,46.38,53.62,100,0,40-49,0,4,2,0,3,,Accept,,,,
600,komoot/photon,add,14,16,add,11,13,100,0,87.5,12.5,100,4,4,4,1,2,Accept,Accept,,1,,
601,komoot/photon,add,14,16,add,11,13,100,0,87.5,12.5,100,0,4,2,0,2,,Accept,,,,
602,komoot/photon,add,39,48,add,24,34,78.85,21.15,78.85,21.15,70-79,0,4,2,0,3,,Accept,,,,
603,komoot/photon,Searcher,46,61,Searcher,40,51,53.62,46.38,100,0,50-59,0,0,0,0,3,,Accept,,,,
604,komoot/photon,search,61,115,search,51,70,36.15,63.85,99.47,0.53,30-39,0,0,0,0,3,,Accept,,,,
605,mapstruct/mapstruct,getValue,14,18,getValue,14,18,100,0,100,0,100,0,4,2,0,1,,Accept,,,,
606,mapstruct/mapstruct,AddressDto,15,19,AddressDto,12,16,100,0,100,0,100,0,0,0,0,3,,Accept,,,,
607,craigwblake/redline,RpmFileSet,23,27,RpmFileSet,23,27,100,0,100,0,100,0,4,2,0,1,,Accept,,,,
608,craigwblake/redline,RpmFileSet,23,27,RpmFileSet,23,27,100,0,100,0,100,0,4,2,0,1,,Accept,,,,
609,craigwblake/redline,execute,92,221,execute,85,196,82.78,17.22,96.47,3.53,80-89,0,4,2,0,3,,Accept,,,,
610,facebook/nifty,Log,82,88,Log,52,56,100,0,100,0,100,0,0,0,0,3,,Accept,,,,
611,facebook/nifty,Log,80,86,Log,50,54,100,0,100,0,100,0,0,0,0,3,,Accept,,,,
612,alexxiyang/shiro-redis,getName,29,33,getName,31,35,100,0,100,0,100,0,4,2,0,1,,Accept,,,,
613,alexxiyang/shiro-redis,serialize,17,26,serialize,15,24,100,0,100,0,100,0,4,2,0,1,,Accept,,,,
614,alexxiyang/shiro-redis,serialize,16,40,serialize,11,35,99.12,0.88,99.12,0.88,90-100,0,0,0,0,3,,Accept,,,,
615,alexxiyang/shiro-redis,get,66,74,get,27,41,89.29,10.71,80.39,19.61,80-89,0,0,0,0,3,,Accept,,,,
616,Bukkit/Bukkit-JavaDoc,asBoolean,52,69,asBoolean,88,105,100,0,100,0,100,0,4,2,0,1,,Accept,,,,
617,Bukkit/Bukkit-JavaDoc,asByte,48,52,asByte,84,88,100,0,100,0,100,0,4,2,0,1,,Accept,,,,
618,Netflix/Turbine,getName,132,137,getName,46,50,80,20,100,0,80-89,0,4,2,0,1,,Accept,,,,
619,stripe/stripe-java,getId,8,11,getId,15,19,100,0,100,0,100,4,4,4,1,1,Accept,Accept,,1,,
620,stripe/stripe-java,getId,28,32,getId,15,19,100,0,100,0,100,0,4,2,0,1,,Accept,,,,
621,stripe/stripe-java,getHeaders,105,146,buildUserAgentString,114,124,52.63,47.37,88.64,11.36,50-59,0,0,0,0,3,,Accept,,,,
622,neuland/jade4j,JadeConfiguration,37,43,JadeConfigurationCaffeine,45,51,100,0,100,0,100,0,0,0,0,2,,Accept,,,,
623,neuland/jade4j,JadeConfiguration,37,43,JadeConfigurationCaffeine,45,51,100,0,100,0,100,0,0,0,0,2,,Accept,,,,
624,neuland/jade4j,assertExpression,78,86,evaluateStringExpression,35,40,93.55,6.45,97.3,2.7,90-100,0,0,0,0,3,,Accept,,,,
625,taoneill/war,getZ,71,75,getZ,64,68,100,0,100,0,100,0,4,2,0,1,,Accept,,,,
626,taoneill/war,getZ,71,75,getZ,64,68,100,0,100,0,100,4,4,4,1,1,Accept,Accept,,1,,
627,JSQLParser/JSqlParser,printStackTrace,39,44,printStackTrace,38,43,100,0,100,0,100,4,4,4,1,1,Accept,Accept,,1,,
628,JSQLParser/JSqlParser,printStackTrace,39,44,printStackTrace,38,43,100,0,100,0,100,0,4,2,0,1,,Accept,,,,
629,JSQLParser/JSqlParser,parseCondExpression,161,181,parse,57,69,60.5,39.5,70.97,29.03,60-69,0,0,0,0,3,,Accept,,,,
630,Findwise/Hydra,insert,261,272,toDocumentId,434,439,100,0,100,0,100,0,0,0,0,3,,Accept,,,,
631,Findwise/Hydra,insert,261,272,getTouchedContentSnapshot,336,346,100,0,100,0,100,0,0,0,0,3,,Accept,,,,
632,Findwise/Hydra,getFileNames,350,370,getFileNames,375,395,99.11,0.89,100,0,90-100,0,0,0,0,3,,Accept,,,,
633,Findwise/Hydra,startup,49,111,main,23,100,81.92,18.08,93.48,6.52,80-89,0,0,0,0,3,,Accept,,,,
634,vrapper/vrapper,initializeProvider,54,65,AbstractEclipseSpecificStateProvider,33,42,81.69,18.31,100,0,80-89,0,0,0,0,3,,Accept,,,,
635,vaadin/cdi,deriveMappingForUI,24,40,deriveMappingForUI,24,40,100,0,100,0,100,0,4,2,0,1,,Accept,,,,
636,vaadin/cdi,deriveMappingForUI,24,40,deriveMappingForUI,24,40,100,0,100,0,100,0,4,2,0,1,,Accept,,,,
637,vaadin/cdi,deriveMappingForUI,24,40,deriveMappingForUI,37,52,86.05,13.95,97.01,2.99,80-89,0,0,0,0,3,,Accept,,,,
638,jenkinsci/stashnotifier-plugin,isDisableInprogressNotification,614,618,isDisableInprogressNotification,239,243,100,0,100,0,100,0,4,2,0,1,,Accept,,,,
639,jenkinsci/stashnotifier-plugin,isDisableInprogressNotification,614,618,isDisableInprogressNotification,239,243,100,0,100,0,100,0,4,2,0,1,,Accept,,,,
640,jenkinsci/stashnotifier-plugin,getHttpClient,340,417,configureProxy,506,542,84.35,15.65,75.65,24.35,80-89,0,0,0,0,3,,Accept,,,,
641,dankurka/mgwt,onTouchCancel,102,107,getDistance,111,115,100,0,100,0,100,0,0,0,0,3,,Accept,,,,
642,dankurka/mgwt,onTouchCanceled,105,111,getEventPropagator,111,121,100,0,100,0,100,0,0,0,2,3,Reject,Accept,,1,,
643,aerospike/aerospike-client-java,query,2039,2060,queryPartitions,1914,1933,100,0,96.59,3.41,100,0,0,0,0,3,,Accept,,,,
644,aerospike/aerospike-client-java,query,2039,2060,queryPartitions,1958,1977,100,0,96.59,3.41,100,0,0,0,0,3,,Accept,,,,
645,aerospike/aerospike-client-java,put,110,140,put,107,141,91.77,8.23,68.88,31.12,90-100,0,0,0,0,3,,Accept,,,,
646,jenkinsci/dashboard-view-plugin,collectData,117,197,getSummaryGraph,121,254,97.33,2.67,99.49,0.51,90-100,0,0,0,0,3,,Accept,,,,
647,jenkinsci/dashboard-view-plugin,collectData,117,197,getSummaryGraph,114,244,80.12,19.88,99.43,0.57,80-89,0,0,0,3,3,Accept,Accept,,1,,
,,,,,,,,,,,,,,,,,,,,,,,
,,,,,,,,,,,,,,,,,,,,,,,
,,,,,,,,,,,,,,,,,,,,,,,
,,,,,,,,,,,,,,,,,,,,,60,,
